<?xml version="1.0" encoding="UTF-8"?>
<DEFECTS>
  <DEFECT>
    <SFA>
      <FILEPATH>C:\Users\JHPark\Desktop\김재우\git\DirectX_terrain\DirectX_terrain\</FILEPATH>
      <FILENAME>Dib.cpp</FILENAME>
      <LINE>30</LINE>
      <COLUMN>7</COLUMN>
    </SFA>
    <DEFECTCODE>28183</DEFECTCODE>
    <DESCRIPTION>'hDib'이(가) '0'일 수 있으며 'GlobalAlloc()`29'에 있는 값의 복사본입니다.  이 경우 'GlobalLock' 함수의 사양과 일치하지 않습니다. </DESCRIPTION>
    <FUNCTION>DibLoadHandle</FUNCTION>
    <DECORATED>?DibLoadHandle@@YAPAEPAD@Z</DECORATED>
    <FUNCLINE>17</FUNCLINE>
    <PATH>
      <SFA>
        <FILEPATH>c:\users\jhpark\desktop\김재우\git\directx_terrain\directx_terrain\</FILEPATH>
        <FILENAME>dib.cpp</FILENAME>
        <LINE>19</LINE>
        <COLUMN>10</COLUMN>
      </SFA>
      <SFA>
        <FILEPATH>c:\users\jhpark\desktop\김재우\git\directx_terrain\directx_terrain\</FILEPATH>
        <FILENAME>dib.cpp</FILENAME>
        <LINE>20</LINE>
        <COLUMN>18</COLUMN>
      </SFA>
      <SFA>
        <FILEPATH>c:\users\jhpark\desktop\김재우\git\directx_terrain\directx_terrain\</FILEPATH>
        <FILENAME>dib.cpp</FILENAME>
        <LINE>21</LINE>
        <COLUMN>12</COLUMN>
      </SFA>
      <SFA>
        <FILEPATH>c:\users\jhpark\desktop\김재우\git\directx_terrain\directx_terrain\</FILEPATH>
        <FILENAME>dib.cpp</FILENAME>
        <LINE>22</LINE>
        <COLUMN>11</COLUMN>
      </SFA>
      <SFA>
        <FILEPATH>c:\users\jhpark\desktop\김재우\git\directx_terrain\directx_terrain\</FILEPATH>
        <FILENAME>dib.cpp</FILENAME>
        <LINE>23</LINE>
        <COLUMN>9</COLUMN>
      </SFA>
      <SFA>
        <FILEPATH>c:\users\jhpark\desktop\김재우\git\directx_terrain\directx_terrain\</FILEPATH>
        <FILENAME>dib.cpp</FILENAME>
        <LINE>25</LINE>
        <COLUMN>6</COLUMN>
      </SFA>
      <SFA>
        <FILEPATH>c:\users\jhpark\desktop\김재우\git\directx_terrain\directx_terrain\</FILEPATH>
        <FILENAME>dib.cpp</FILENAME>
        <LINE>27</LINE>
        <COLUMN>6</COLUMN>
      </SFA>
      <SFA>
        <FILEPATH>c:\users\jhpark\desktop\김재우\git\directx_terrain\directx_terrain\</FILEPATH>
        <FILENAME>dib.cpp</FILENAME>
        <LINE>28</LINE>
        <COLUMN>7</COLUMN>
      </SFA>
      <SFA>
        <FILEPATH>c:\users\jhpark\desktop\김재우\git\directx_terrain\directx_terrain\</FILEPATH>
        <FILENAME>dib.cpp</FILENAME>
        <LINE>29</LINE>
        <COLUMN>6</COLUMN>
      </SFA>
      <SFA>
        <FILEPATH>c:\users\jhpark\desktop\김재우\git\directx_terrain\directx_terrain\</FILEPATH>
        <FILENAME>dib.cpp</FILENAME>
        <LINE>30</LINE>
        <COLUMN>7</COLUMN>
      </SFA>
    </PATH>
  </DEFECT>
  <DEFECT>
    <SFA>
      <FILEPATH>C:\Users\JHPark\Desktop\김재우\git\DirectX_terrain\DirectX_terrain\</FILEPATH>
      <FILENAME>Dib.cpp</FILENAME>
      <LINE>116</LINE>
      <COLUMN>7</COLUMN>
    </SFA>
    <DEFECTCODE>28183</DEFECTCODE>
    <DESCRIPTION>'hDib'이(가) '0'일 수 있으며 'GlobalAlloc()`115'에 있는 값의 복사본입니다.  이 경우 'GlobalLock' 함수의 사양과 일치하지 않습니다. </DESCRIPTION>
    <FUNCTION>DibCreateEmptyHandle</FUNCTION>
    <DECORATED>?DibCreateEmptyHandle@@YAPAEHHH@Z</DECORATED>
    <FUNCLINE>105</FUNCLINE>
    <PATH>
      <SFA>
        <FILEPATH>c:\users\jhpark\desktop\김재우\git\directx_terrain\directx_terrain\</FILEPATH>
        <FILENAME>dib.cpp</FILENAME>
        <LINE>107</LINE>
        <COLUMN>20</COLUMN>
      </SFA>
      <SFA>
        <FILEPATH>c:\users\jhpark\desktop\김재우\git\directx_terrain\directx_terrain\</FILEPATH>
        <FILENAME>dib.cpp</FILENAME>
        <LINE>108</LINE>
        <COLUMN>9</COLUMN>
      </SFA>
      <SFA>
        <FILEPATH>c:\users\jhpark\desktop\김재우\git\directx_terrain\directx_terrain\</FILEPATH>
        <FILENAME>dib.cpp</FILENAME>
        <LINE>109</LINE>
        <COLUMN>8</COLUMN>
      </SFA>
      <SFA>
        <FILEPATH>c:\users\jhpark\desktop\김재우\git\directx_terrain\directx_terrain\</FILEPATH>
        <FILENAME>dib.cpp</FILENAME>
        <LINE>110</LINE>
        <COLUMN>6</COLUMN>
      </SFA>
      <SFA>
        <FILEPATH>c:\users\jhpark\desktop\김재우\git\directx_terrain\directx_terrain\</FILEPATH>
        <FILENAME>dib.cpp</FILENAME>
        <LINE>111</LINE>
        <COLUMN>6</COLUMN>
      </SFA>
      <SFA>
        <FILEPATH>c:\users\jhpark\desktop\김재우\git\directx_terrain\directx_terrain\</FILEPATH>
        <FILENAME>dib.cpp</FILENAME>
        <LINE>112</LINE>
        <COLUMN>6</COLUMN>
      </SFA>
      <SFA>
        <FILEPATH>c:\users\jhpark\desktop\김재우\git\directx_terrain\directx_terrain\</FILEPATH>
        <FILENAME>dib.cpp</FILENAME>
        <LINE>113</LINE>
        <COLUMN>7</COLUMN>
      </SFA>
      <SFA>
        <FILEPATH>c:\users\jhpark\desktop\김재우\git\directx_terrain\directx_terrain\</FILEPATH>
        <FILENAME>dib.cpp</FILENAME>
        <LINE>115</LINE>
        <COLUMN>6</COLUMN>
      </SFA>
      <SFA>
        <FILEPATH>c:\users\jhpark\desktop\김재우\git\directx_terrain\directx_terrain\</FILEPATH>
        <FILENAME>dib.cpp</FILENAME>
        <LINE>116</LINE>
        <COLUMN>7</COLUMN>
      </SFA>
    </PATH>
  </DEFECT>
  <DEFECT>
    <SFA>
      <FILEPATH>C:\Users\JHPark\Desktop\김재우\git\DirectX_terrain\DirectX_terrain\</FILEPATH>
      <FILENAME>Dib.cpp</FILENAME>
      <LINE>139</LINE>
      <COLUMN>33</COLUMN>
    </SFA>
    <DEFECTCODE>6011</DEFECTCODE>
    <DESCRIPTION>NULL 포인터 'lpDib'을(를) 역참조하고 있습니다. 이 오류가 발생할 수 있는 이전 위치는 줄 117을(를) 참조하십시오.</DESCRIPTION>
    <FUNCTION>DibCreateEmptyHandle</FUNCTION>
    <DECORATED>?DibCreateEmptyHandle@@YAPAEHHH@Z</DECORATED>
    <FUNCLINE>105</FUNCLINE>
    <PROBABILITY>1</PROBABILITY>
    <RANK>4</RANK>
    <CATEGORY>
      <RULECATEGORY>mspft</RULECATEGORY>
    </CATEGORY>
    <PATH>
      <SFA>
        <FILEPATH>C:\Users\JHPark\Desktop\김재우\git\DirectX_terrain\DirectX_terrain\</FILEPATH>
        <FILENAME>Dib.cpp</FILENAME>
        <LINE>107</LINE>
        <COLUMN>20</COLUMN>
      </SFA>
      <SFA>
        <FILEPATH>C:\Users\JHPark\Desktop\김재우\git\DirectX_terrain\DirectX_terrain\</FILEPATH>
        <FILENAME>Dib.cpp</FILENAME>
        <LINE>108</LINE>
        <COLUMN>9</COLUMN>
      </SFA>
      <SFA>
        <FILEPATH>C:\Users\JHPark\Desktop\김재우\git\DirectX_terrain\DirectX_terrain\</FILEPATH>
        <FILENAME>Dib.cpp</FILENAME>
        <LINE>109</LINE>
        <COLUMN>8</COLUMN>
      </SFA>
      <SFA>
        <FILEPATH>C:\Users\JHPark\Desktop\김재우\git\DirectX_terrain\DirectX_terrain\</FILEPATH>
        <FILENAME>Dib.cpp</FILENAME>
        <LINE>110</LINE>
        <COLUMN>6</COLUMN>
      </SFA>
      <SFA>
        <FILEPATH>C:\Users\JHPark\Desktop\김재우\git\DirectX_terrain\DirectX_terrain\</FILEPATH>
        <FILENAME>Dib.cpp</FILENAME>
        <LINE>111</LINE>
        <COLUMN>6</COLUMN>
      </SFA>
      <SFA>
        <FILEPATH>C:\Users\JHPark\Desktop\김재우\git\DirectX_terrain\DirectX_terrain\</FILEPATH>
        <FILENAME>Dib.cpp</FILENAME>
        <LINE>112</LINE>
        <COLUMN>6</COLUMN>
      </SFA>
      <SFA>
        <FILEPATH>C:\Users\JHPark\Desktop\김재우\git\DirectX_terrain\DirectX_terrain\</FILEPATH>
        <FILENAME>Dib.cpp</FILENAME>
        <LINE>113</LINE>
        <COLUMN>7</COLUMN>
      </SFA>
      <SFA>
        <FILEPATH>C:\Users\JHPark\Desktop\김재우\git\DirectX_terrain\DirectX_terrain\</FILEPATH>
        <FILENAME>Dib.cpp</FILENAME>
        <LINE>115</LINE>
        <COLUMN>6</COLUMN>
      </SFA>
      <SFA>
        <FILEPATH>C:\Users\JHPark\Desktop\김재우\git\DirectX_terrain\DirectX_terrain\</FILEPATH>
        <FILENAME>Dib.cpp</FILENAME>
        <LINE>116</LINE>
        <COLUMN>7</COLUMN>
        <KEYEVENT>
          <ID>1</ID>
          <KIND>선언</KIND>
          <IMPORTANCE>Essential</IMPORTANCE>
          <MESSAGE>'lpDib'은(는) NULL일 수 있습니다.</MESSAGE>
        </KEYEVENT>
      </SFA>
      <SFA>
        <FILEPATH>C:\Users\JHPark\Desktop\김재우\git\DirectX_terrain\DirectX_terrain\</FILEPATH>
        <FILENAME>Dib.cpp</FILENAME>
        <LINE>117</LINE>
        <COLUMN>7</COLUMN>
        <KEYEVENT>
          <ID>2</ID>
          <KIND>선언</KIND>
          <IMPORTANCE>Full</IMPORTANCE>
          <MESSAGE>'lpDib'은(는) 'memset'(c:\program files (x86)\microsoft visual studio\2019\community\vc\tools\msvc\14.21.27702\include\vcruntime_string.h:60에서 선언됨)에 대한 In/Out 인수입니다.</MESSAGE>
        </KEYEVENT>
      </SFA>
      <SFA>
        <FILEPATH>C:\Users\JHPark\Desktop\김재우\git\DirectX_terrain\DirectX_terrain\</FILEPATH>
        <FILENAME>Dib.cpp</FILENAME>
        <LINE>118</LINE>
        <COLUMN>8</COLUMN>
      </SFA>
      <SFA>
        <FILEPATH>C:\Users\JHPark\Desktop\김재우\git\DirectX_terrain\DirectX_terrain\</FILEPATH>
        <FILENAME>Dib.cpp</FILENAME>
        <LINE>119</LINE>
        <COLUMN>16</COLUMN>
      </SFA>
      <SFA>
        <FILEPATH>C:\Users\JHPark\Desktop\김재우\git\DirectX_terrain\DirectX_terrain\</FILEPATH>
        <FILENAME>Dib.cpp</FILENAME>
        <LINE>120</LINE>
        <COLUMN>17</COLUMN>
      </SFA>
      <SFA>
        <FILEPATH>C:\Users\JHPark\Desktop\김재우\git\DirectX_terrain\DirectX_terrain\</FILEPATH>
        <FILENAME>Dib.cpp</FILENAME>
        <LINE>121</LINE>
        <COLUMN>18</COLUMN>
      </SFA>
      <SFA>
        <FILEPATH>C:\Users\JHPark\Desktop\김재우\git\DirectX_terrain\DirectX_terrain\</FILEPATH>
        <FILENAME>Dib.cpp</FILENAME>
        <LINE>122</LINE>
        <COLUMN>18</COLUMN>
      </SFA>
      <SFA>
        <FILEPATH>C:\Users\JHPark\Desktop\김재우\git\DirectX_terrain\DirectX_terrain\</FILEPATH>
        <FILENAME>Dib.cpp</FILENAME>
        <LINE>123</LINE>
        <COLUMN>20</COLUMN>
      </SFA>
      <SFA>
        <FILEPATH>C:\Users\JHPark\Desktop\김재우\git\DirectX_terrain\DirectX_terrain\</FILEPATH>
        <FILENAME>Dib.cpp</FILENAME>
        <LINE>124</LINE>
        <COLUMN>23</COLUMN>
      </SFA>
      <SFA>
        <FILEPATH>C:\Users\JHPark\Desktop\김재우\git\DirectX_terrain\DirectX_terrain\</FILEPATH>
        <FILENAME>Dib.cpp</FILENAME>
        <LINE>125</LINE>
        <COLUMN>21</COLUMN>
      </SFA>
      <SFA>
        <FILEPATH>C:\Users\JHPark\Desktop\김재우\git\DirectX_terrain\DirectX_terrain\</FILEPATH>
        <FILENAME>Dib.cpp</FILENAME>
        <LINE>126</LINE>
        <COLUMN>25</COLUMN>
      </SFA>
      <SFA>
        <FILEPATH>C:\Users\JHPark\Desktop\김재우\git\DirectX_terrain\DirectX_terrain\</FILEPATH>
        <FILENAME>Dib.cpp</FILENAME>
        <LINE>127</LINE>
        <COLUMN>25</COLUMN>
      </SFA>
      <SFA>
        <FILEPATH>C:\Users\JHPark\Desktop\김재우\git\DirectX_terrain\DirectX_terrain\</FILEPATH>
        <FILENAME>Dib.cpp</FILENAME>
        <LINE>128</LINE>
        <COLUMN>19</COLUMN>
      </SFA>
      <SFA>
        <FILEPATH>C:\Users\JHPark\Desktop\김재우\git\DirectX_terrain\DirectX_terrain\</FILEPATH>
        <FILENAME>Dib.cpp</FILENAME>
        <LINE>129</LINE>
        <COLUMN>24</COLUMN>
      </SFA>
      <SFA>
        <FILEPATH>C:\Users\JHPark\Desktop\김재우\git\DirectX_terrain\DirectX_terrain\</FILEPATH>
        <FILENAME>Dib.cpp</FILENAME>
        <LINE>131</LINE>
        <COLUMN>9</COLUMN>
      </SFA>
      <SFA>
        <FILEPATH>C:\Users\JHPark\Desktop\김재우\git\DirectX_terrain\DirectX_terrain\</FILEPATH>
        <FILENAME>Dib.cpp</FILENAME>
        <LINE>132</LINE>
        <COLUMN>6</COLUMN>
      </SFA>
      <SFA>
        <FILEPATH>C:\Users\JHPark\Desktop\김재우\git\DirectX_terrain\DirectX_terrain\</FILEPATH>
        <FILENAME>Dib.cpp</FILENAME>
        <LINE>133</LINE>
        <COLUMN>9</COLUMN>
      </SFA>
      <SFA>
        <FILEPATH>C:\Users\JHPark\Desktop\김재우\git\DirectX_terrain\DirectX_terrain\</FILEPATH>
        <FILENAME>Dib.cpp</FILENAME>
        <LINE>133</LINE>
        <COLUMN>16</COLUMN>
        <KEYEVENT>
          <ID>3</ID>
          <KIND>분기</KIND>
          <IMPORTANCE>Full</IMPORTANCE>
          <MESSAGE>이 루프 시작, ('i&lt;nPal' 가정)</MESSAGE>
        </KEYEVENT>
      </SFA>
      <SFA>
        <FILEPATH>C:\Users\JHPark\Desktop\김재우\git\DirectX_terrain\DirectX_terrain\</FILEPATH>
        <FILENAME>Dib.cpp</FILENAME>
        <LINE>135</LINE>
        <COLUMN>18</COLUMN>
      </SFA>
      <SFA>
        <FILEPATH>C:\Users\JHPark\Desktop\김재우\git\DirectX_terrain\DirectX_terrain\</FILEPATH>
        <FILENAME>Dib.cpp</FILENAME>
        <LINE>136</LINE>
        <COLUMN>19</COLUMN>
      </SFA>
      <SFA>
        <FILEPATH>C:\Users\JHPark\Desktop\김재우\git\DirectX_terrain\DirectX_terrain\</FILEPATH>
        <FILENAME>Dib.cpp</FILENAME>
        <LINE>137</LINE>
        <COLUMN>17</COLUMN>
      </SFA>
      <SFA>
        <FILEPATH>C:\Users\JHPark\Desktop\김재우\git\DirectX_terrain\DirectX_terrain\</FILEPATH>
        <FILENAME>Dib.cpp</FILENAME>
        <LINE>138</LINE>
        <COLUMN>22</COLUMN>
      </SFA>
      <SFA>
        <FILEPATH>C:\Users\JHPark\Desktop\김재우\git\DirectX_terrain\DirectX_terrain\</FILEPATH>
        <FILENAME>Dib.cpp</FILENAME>
        <LINE>139</LINE>
        <COLUMN>33</COLUMN>
        <KEYEVENT>
          <ID>4</ID>
          <KIND>사용법</KIND>
          <IMPORTANCE>Essential</IMPORTANCE>
          <MESSAGE>'lpDib'이(가) 역참조되었지만 여전히 NULL일 수 있습니다.</MESSAGE>
        </KEYEVENT>
      </SFA>
    </PATH>
  </DEFECT>
  <DEFECT>
    <SFA>
      <FILEPATH>C:\Users\JHPark\Desktop\김재우\git\DirectX_terrain\DirectX_terrain\</FILEPATH>
      <FILENAME>Dib.cpp</FILENAME>
      <LINE>117</LINE>
      <COLUMN>7</COLUMN>
    </SFA>
    <DEFECTCODE>6387</DEFECTCODE>
    <DESCRIPTION>'lpDib'이(가) '0'일 수 있습니다.  이 경우 'memset' 함수의 사양과 일치하지 않습니다. </DESCRIPTION>
    <FUNCTION>DibCreateEmptyHandle</FUNCTION>
    <DECORATED>?DibCreateEmptyHandle@@YAPAEHHH@Z</DECORATED>
    <FUNCLINE>105</FUNCLINE>
    <PROBABILITY>1</PROBABILITY>
    <RANK>4</RANK>
    <CATEGORY>
      <RULECATEGORY>mspft</RULECATEGORY>
    </CATEGORY>
    <PATH>
      <SFA>
        <FILEPATH>C:\Users\JHPark\Desktop\김재우\git\DirectX_terrain\DirectX_terrain\</FILEPATH>
        <FILENAME>Dib.cpp</FILENAME>
        <LINE>107</LINE>
        <COLUMN>20</COLUMN>
      </SFA>
      <SFA>
        <FILEPATH>C:\Users\JHPark\Desktop\김재우\git\DirectX_terrain\DirectX_terrain\</FILEPATH>
        <FILENAME>Dib.cpp</FILENAME>
        <LINE>108</LINE>
        <COLUMN>9</COLUMN>
      </SFA>
      <SFA>
        <FILEPATH>C:\Users\JHPark\Desktop\김재우\git\DirectX_terrain\DirectX_terrain\</FILEPATH>
        <FILENAME>Dib.cpp</FILENAME>
        <LINE>109</LINE>
        <COLUMN>8</COLUMN>
      </SFA>
      <SFA>
        <FILEPATH>C:\Users\JHPark\Desktop\김재우\git\DirectX_terrain\DirectX_terrain\</FILEPATH>
        <FILENAME>Dib.cpp</FILENAME>
        <LINE>110</LINE>
        <COLUMN>6</COLUMN>
      </SFA>
      <SFA>
        <FILEPATH>C:\Users\JHPark\Desktop\김재우\git\DirectX_terrain\DirectX_terrain\</FILEPATH>
        <FILENAME>Dib.cpp</FILENAME>
        <LINE>111</LINE>
        <COLUMN>6</COLUMN>
      </SFA>
      <SFA>
        <FILEPATH>C:\Users\JHPark\Desktop\김재우\git\DirectX_terrain\DirectX_terrain\</FILEPATH>
        <FILENAME>Dib.cpp</FILENAME>
        <LINE>112</LINE>
        <COLUMN>6</COLUMN>
      </SFA>
      <SFA>
        <FILEPATH>C:\Users\JHPark\Desktop\김재우\git\DirectX_terrain\DirectX_terrain\</FILEPATH>
        <FILENAME>Dib.cpp</FILENAME>
        <LINE>113</LINE>
        <COLUMN>7</COLUMN>
      </SFA>
      <SFA>
        <FILEPATH>C:\Users\JHPark\Desktop\김재우\git\DirectX_terrain\DirectX_terrain\</FILEPATH>
        <FILENAME>Dib.cpp</FILENAME>
        <LINE>115</LINE>
        <COLUMN>6</COLUMN>
      </SFA>
      <SFA>
        <FILEPATH>C:\Users\JHPark\Desktop\김재우\git\DirectX_terrain\DirectX_terrain\</FILEPATH>
        <FILENAME>Dib.cpp</FILENAME>
        <LINE>116</LINE>
        <COLUMN>7</COLUMN>
        <KEYEVENT>
          <ID>1</ID>
          <KIND>선언</KIND>
          <IMPORTANCE>Essential</IMPORTANCE>
          <MESSAGE>'lpDib'은(는) NULL일 수 있습니다.</MESSAGE>
        </KEYEVENT>
      </SFA>
      <SFA>
        <FILEPATH>C:\Users\JHPark\Desktop\김재우\git\DirectX_terrain\DirectX_terrain\</FILEPATH>
        <FILENAME>Dib.cpp</FILENAME>
        <LINE>117</LINE>
        <COLUMN>7</COLUMN>
        <KEYEVENT>
          <ID>2</ID>
          <KIND>선언</KIND>
          <IMPORTANCE>Full</IMPORTANCE>
          <MESSAGE>'lpDib'은(는) 'memset'(c:\program files (x86)\microsoft visual studio\2019\community\vc\tools\msvc\14.21.27702\include\vcruntime_string.h:60에서 선언됨)에 대한 In/Out 인수입니다.</MESSAGE>
        </KEYEVENT>
      </SFA>
      <SFA>
        <FILEPATH>C:\Users\JHPark\Desktop\김재우\git\DirectX_terrain\DirectX_terrain\</FILEPATH>
        <FILENAME>Dib.cpp</FILENAME>
        <LINE>117</LINE>
        <COLUMN>7</COLUMN>
        <KEYEVENT>
          <ID>3</ID>
          <KIND>사용법</KIND>
          <IMPORTANCE>Essential</IMPORTANCE>
          <MESSAGE>'lpDib'은(는) NULL(이)면 안 됩니다. 이는 'memset'의 SAL 주석과 일치하지 않습니다.</MESSAGE>
        </KEYEVENT>
      </SFA>
    </PATH>
  </DEFECT>
  <DEFECT>
    <SFA>
      <FILEPATH>C:\Users\JHPark\Desktop\김재우\git\DirectX_terrain\DirectX_terrain\</FILEPATH>
      <FILENAME>Dib.cpp</FILENAME>
      <LINE>119</LINE>
      <COLUMN>16</COLUMN>
    </SFA>
    <DEFECTCODE>6011</DEFECTCODE>
    <DESCRIPTION>NULL 포인터 'lpBMIH'을(를) 역참조하고 있습니다. 이 오류가 발생할 수 있는 이전 위치는 줄 117을(를) 참조하십시오.</DESCRIPTION>
    <FUNCTION>DibCreateEmptyHandle</FUNCTION>
    <DECORATED>?DibCreateEmptyHandle@@YAPAEHHH@Z</DECORATED>
    <FUNCLINE>105</FUNCLINE>
    <PROBABILITY>1</PROBABILITY>
    <RANK>4</RANK>
    <CATEGORY>
      <RULECATEGORY>mspft</RULECATEGORY>
    </CATEGORY>
    <PATH>
      <SFA>
        <FILEPATH>C:\Users\JHPark\Desktop\김재우\git\DirectX_terrain\DirectX_terrain\</FILEPATH>
        <FILENAME>Dib.cpp</FILENAME>
        <LINE>107</LINE>
        <COLUMN>20</COLUMN>
      </SFA>
      <SFA>
        <FILEPATH>C:\Users\JHPark\Desktop\김재우\git\DirectX_terrain\DirectX_terrain\</FILEPATH>
        <FILENAME>Dib.cpp</FILENAME>
        <LINE>108</LINE>
        <COLUMN>9</COLUMN>
      </SFA>
      <SFA>
        <FILEPATH>C:\Users\JHPark\Desktop\김재우\git\DirectX_terrain\DirectX_terrain\</FILEPATH>
        <FILENAME>Dib.cpp</FILENAME>
        <LINE>109</LINE>
        <COLUMN>8</COLUMN>
      </SFA>
      <SFA>
        <FILEPATH>C:\Users\JHPark\Desktop\김재우\git\DirectX_terrain\DirectX_terrain\</FILEPATH>
        <FILENAME>Dib.cpp</FILENAME>
        <LINE>110</LINE>
        <COLUMN>6</COLUMN>
      </SFA>
      <SFA>
        <FILEPATH>C:\Users\JHPark\Desktop\김재우\git\DirectX_terrain\DirectX_terrain\</FILEPATH>
        <FILENAME>Dib.cpp</FILENAME>
        <LINE>111</LINE>
        <COLUMN>6</COLUMN>
      </SFA>
      <SFA>
        <FILEPATH>C:\Users\JHPark\Desktop\김재우\git\DirectX_terrain\DirectX_terrain\</FILEPATH>
        <FILENAME>Dib.cpp</FILENAME>
        <LINE>112</LINE>
        <COLUMN>6</COLUMN>
      </SFA>
      <SFA>
        <FILEPATH>C:\Users\JHPark\Desktop\김재우\git\DirectX_terrain\DirectX_terrain\</FILEPATH>
        <FILENAME>Dib.cpp</FILENAME>
        <LINE>113</LINE>
        <COLUMN>7</COLUMN>
      </SFA>
      <SFA>
        <FILEPATH>C:\Users\JHPark\Desktop\김재우\git\DirectX_terrain\DirectX_terrain\</FILEPATH>
        <FILENAME>Dib.cpp</FILENAME>
        <LINE>115</LINE>
        <COLUMN>6</COLUMN>
      </SFA>
      <SFA>
        <FILEPATH>C:\Users\JHPark\Desktop\김재우\git\DirectX_terrain\DirectX_terrain\</FILEPATH>
        <FILENAME>Dib.cpp</FILENAME>
        <LINE>116</LINE>
        <COLUMN>7</COLUMN>
      </SFA>
      <SFA>
        <FILEPATH>C:\Users\JHPark\Desktop\김재우\git\DirectX_terrain\DirectX_terrain\</FILEPATH>
        <FILENAME>Dib.cpp</FILENAME>
        <LINE>117</LINE>
        <COLUMN>7</COLUMN>
      </SFA>
      <SFA>
        <FILEPATH>C:\Users\JHPark\Desktop\김재우\git\DirectX_terrain\DirectX_terrain\</FILEPATH>
        <FILENAME>Dib.cpp</FILENAME>
        <LINE>118</LINE>
        <COLUMN>8</COLUMN>
        <KEYEVENT>
          <ID>1</ID>
          <KIND>선언</KIND>
          <IMPORTANCE>Essential</IMPORTANCE>
          <MESSAGE>'lpBMIH'은(는) NULL일 수 있습니다.</MESSAGE>
        </KEYEVENT>
      </SFA>
      <SFA>
        <FILEPATH>C:\Users\JHPark\Desktop\김재우\git\DirectX_terrain\DirectX_terrain\</FILEPATH>
        <FILENAME>Dib.cpp</FILENAME>
        <LINE>119</LINE>
        <COLUMN>16</COLUMN>
        <KEYEVENT>
          <ID>2</ID>
          <KIND>사용법</KIND>
          <IMPORTANCE>Essential</IMPORTANCE>
          <MESSAGE>'lpBMIH'이(가) 역참조되었지만 여전히 NULL일 수 있습니다.</MESSAGE>
        </KEYEVENT>
      </SFA>
    </PATH>
  </DEFECT>
  <DEFECT>
    <SFA>
      <FILEPATH>C:\Users\JHPark\Desktop\김재우\git\DirectX_terrain\DirectX_terrain\</FILEPATH>
      <FILENAME>Dib.cpp</FILENAME>
      <LINE>183</LINE>
      <COLUMN>7</COLUMN>
    </SFA>
    <DEFECTCODE>28183</DEFECTCODE>
    <DESCRIPTION>'hDib'이(가) '0'일 수 있으며 'GlobalAlloc()`182'에 있는 값의 복사본입니다.  이 경우 'GlobalLock' 함수의 사양과 일치하지 않습니다. </DESCRIPTION>
    <FUNCTION>DibDuplicateHandle</FUNCTION>
    <DECORATED>?DibDuplicateHandle@@YAPAEPAE@Z</DECORATED>
    <FUNCLINE>173</FUNCLINE>
    <PATH>
      <SFA>
        <FILEPATH>c:\users\jhpark\desktop\김재우\git\directx_terrain\directx_terrain\</FILEPATH>
        <FILENAME>dib.cpp</FILENAME>
        <LINE>175</LINE>
        <COLUMN>6</COLUMN>
      </SFA>
      <SFA>
        <FILEPATH>c:\users\jhpark\desktop\김재우\git\directx_terrain\directx_terrain\</FILEPATH>
        <FILENAME>dib.cpp</FILENAME>
        <LINE>178</LINE>
        <COLUMN>9</COLUMN>
      </SFA>
      <SFA>
        <FILEPATH>c:\users\jhpark\desktop\김재우\git\directx_terrain\directx_terrain\</FILEPATH>
        <FILENAME>dib.cpp</FILENAME>
        <LINE>179</LINE>
        <COLUMN>8</COLUMN>
      </SFA>
      <SFA>
        <FILEPATH>c:\users\jhpark\desktop\김재우\git\directx_terrain\directx_terrain\</FILEPATH>
        <FILENAME>dib.cpp</FILENAME>
        <LINE>180</LINE>
        <COLUMN>7</COLUMN>
      </SFA>
      <SFA>
        <FILEPATH>c:\users\jhpark\desktop\김재우\git\directx_terrain\directx_terrain\</FILEPATH>
        <FILENAME>dib.cpp</FILENAME>
        <LINE>182</LINE>
        <COLUMN>6</COLUMN>
      </SFA>
      <SFA>
        <FILEPATH>c:\users\jhpark\desktop\김재우\git\directx_terrain\directx_terrain\</FILEPATH>
        <FILENAME>dib.cpp</FILENAME>
        <LINE>183</LINE>
        <COLUMN>7</COLUMN>
      </SFA>
    </PATH>
  </DEFECT>
  <DEFECT>
    <SFA>
      <FILEPATH>C:\Users\JHPark\Desktop\김재우\git\DirectX_terrain\DirectX_terrain\</FILEPATH>
      <FILENAME>Dib.cpp</FILENAME>
      <LINE>713</LINE>
      <COLUMN>5</COLUMN>
    </SFA>
    <DEFECTCODE>28183</DEFECTCODE>
    <DESCRIPTION>'hMem'이(가) '0'일 수 있으며 'GlobalAlloc()`712'에 있는 값의 복사본입니다.  이 경우 'GlobalLock' 함수의 사양과 일치하지 않습니다. </DESCRIPTION>
    <FUNCTION>DibCreateRegion</FUNCTION>
    <DECORATED>?DibCreateRegion@@YAPAUHRGN__@@PAEE@Z</DECORATED>
    <FUNCLINE>695</FUNCLINE>
    <PATH>
      <SFA>
        <FILEPATH>c:\users\jhpark\desktop\김재우\git\directx_terrain\directx_terrain\</FILEPATH>
        <FILENAME>dib.cpp</FILENAME>
        <LINE>697</LINE>
        <COLUMN>10</COLUMN>
      </SFA>
      <SFA>
        <FILEPATH>c:\users\jhpark\desktop\김재우\git\directx_terrain\directx_terrain\</FILEPATH>
        <FILENAME>dib.cpp</FILENAME>
        <LINE>698</LINE>
        <COLUMN>8</COLUMN>
      </SFA>
      <SFA>
        <FILEPATH>c:\users\jhpark\desktop\김재우\git\directx_terrain\directx_terrain\</FILEPATH>
        <FILENAME>dib.cpp</FILENAME>
        <LINE>698</LINE>
        <COLUMN>11</COLUMN>
      </SFA>
      <SFA>
        <FILEPATH>c:\users\jhpark\desktop\김재우\git\directx_terrain\directx_terrain\</FILEPATH>
        <FILENAME>dib.cpp</FILENAME>
        <LINE>698</LINE>
        <COLUMN>14</COLUMN>
      </SFA>
      <SFA>
        <FILEPATH>c:\users\jhpark\desktop\김재우\git\directx_terrain\directx_terrain\</FILEPATH>
        <FILENAME>dib.cpp</FILENAME>
        <LINE>698</LINE>
        <COLUMN>18</COLUMN>
      </SFA>
      <SFA>
        <FILEPATH>c:\users\jhpark\desktop\김재우\git\directx_terrain\directx_terrain\</FILEPATH>
        <FILENAME>dib.cpp</FILENAME>
        <LINE>699</LINE>
        <COLUMN>9</COLUMN>
      </SFA>
      <SFA>
        <FILEPATH>c:\users\jhpark\desktop\김재우\git\directx_terrain\directx_terrain\</FILEPATH>
        <FILENAME>dib.cpp</FILENAME>
        <LINE>700</LINE>
        <COLUMN>8</COLUMN>
      </SFA>
      <SFA>
        <FILEPATH>c:\users\jhpark\desktop\김재우\git\directx_terrain\directx_terrain\</FILEPATH>
        <FILENAME>dib.cpp</FILENAME>
        <LINE>701</LINE>
        <COLUMN>12</COLUMN>
      </SFA>
      <SFA>
        <FILEPATH>c:\users\jhpark\desktop\김재우\git\directx_terrain\directx_terrain\</FILEPATH>
        <FILENAME>dib.cpp</FILENAME>
        <LINE>702</LINE>
        <COLUMN>11</COLUMN>
      </SFA>
      <SFA>
        <FILEPATH>c:\users\jhpark\desktop\김재우\git\directx_terrain\directx_terrain\</FILEPATH>
        <FILENAME>dib.cpp</FILENAME>
        <LINE>703</LINE>
        <COLUMN>8</COLUMN>
      </SFA>
      <SFA>
        <FILEPATH>c:\users\jhpark\desktop\김재우\git\directx_terrain\directx_terrain\</FILEPATH>
        <FILENAME>dib.cpp</FILENAME>
        <LINE>705</LINE>
        <COLUMN>13</COLUMN>
      </SFA>
      <SFA>
        <FILEPATH>c:\users\jhpark\desktop\김재우\git\directx_terrain\directx_terrain\</FILEPATH>
        <FILENAME>dib.cpp</FILENAME>
        <LINE>708</LINE>
        <COLUMN>4</COLUMN>
      </SFA>
      <SFA>
        <FILEPATH>c:\users\jhpark\desktop\김재우\git\directx_terrain\directx_terrain\</FILEPATH>
        <FILENAME>dib.cpp</FILENAME>
        <LINE>709</LINE>
        <COLUMN>4</COLUMN>
      </SFA>
      <SFA>
        <FILEPATH>c:\users\jhpark\desktop\김재우\git\directx_terrain\directx_terrain\</FILEPATH>
        <FILENAME>dib.cpp</FILENAME>
        <LINE>710</LINE>
        <COLUMN>11</COLUMN>
      </SFA>
      <SFA>
        <FILEPATH>c:\users\jhpark\desktop\김재우\git\directx_terrain\directx_terrain\</FILEPATH>
        <FILENAME>dib.cpp</FILENAME>
        <LINE>712</LINE>
        <COLUMN>6</COLUMN>
      </SFA>
      <SFA>
        <FILEPATH>c:\users\jhpark\desktop\김재우\git\directx_terrain\directx_terrain\</FILEPATH>
        <FILENAME>dib.cpp</FILENAME>
        <LINE>713</LINE>
        <COLUMN>5</COLUMN>
      </SFA>
    </PATH>
  </DEFECT>
</DEFECTS>