<?xml version="1.0" encoding="UTF-8"?>
<DEFECTS>
  <DEFECT>
    <SFA>
      <FILEPATH>C:\Program Files (x86)\Microsoft DirectX SDK (June 2010)\Include\</FILEPATH>
      <FILENAME>d3dx9math.h</FILENAME>
      <LINE>59</LINE>
      <COLUMN>4</COLUMN>
    </SFA>
    <DEFECTCODE>26495</DEFECTCODE>
    <DESCRIPTION>Variable 'D3DXFLOAT16::value' is uninitialized. Always initialize a member variable (type.6).</DESCRIPTION>
    <FUNCTION>D3DXFLOAT16::{ctor}</FUNCTION>
    <DECORATED>??0D3DXFLOAT16@@QAE@XZ</DECORATED>
    <FUNCLINE>59</FUNCLINE>
    <ADDITIONALINFO>
      <targetSymbol>D3DXFLOAT16::value</targetSymbol>
    </ADDITIONALINFO>
    <PATH></PATH>
  </DEFECT>
  <DEFECT>
    <SFA>
      <FILEPATH>C:\Program Files (x86)\Microsoft DirectX SDK (June 2010)\Include\</FILEPATH>
      <FILENAME>d3dx9math.h</FILENAME>
      <LINE>91</LINE>
      <COLUMN>4</COLUMN>
    </SFA>
    <DEFECTCODE>26495</DEFECTCODE>
    <DESCRIPTION>Variable 'D3DXVECTOR2::y' is uninitialized. Always initialize a member variable (type.6).</DESCRIPTION>
    <FUNCTION>D3DXVECTOR2::{ctor}</FUNCTION>
    <DECORATED>??0D3DXVECTOR2@@QAE@XZ</DECORATED>
    <FUNCLINE>91</FUNCLINE>
    <ADDITIONALINFO>
      <targetSymbol>D3DXVECTOR2::y</targetSymbol>
    </ADDITIONALINFO>
    <PATH></PATH>
  </DEFECT>
  <DEFECT>
    <SFA>
      <FILEPATH>C:\Program Files (x86)\Microsoft DirectX SDK (June 2010)\Include\</FILEPATH>
      <FILENAME>d3dx9math.h</FILENAME>
      <LINE>91</LINE>
      <COLUMN>4</COLUMN>
    </SFA>
    <DEFECTCODE>26495</DEFECTCODE>
    <DESCRIPTION>Variable 'D3DXVECTOR2::x' is uninitialized. Always initialize a member variable (type.6).</DESCRIPTION>
    <FUNCTION>D3DXVECTOR2::{ctor}</FUNCTION>
    <DECORATED>??0D3DXVECTOR2@@QAE@XZ</DECORATED>
    <FUNCLINE>91</FUNCLINE>
    <ADDITIONALINFO>
      <targetSymbol>D3DXVECTOR2::x</targetSymbol>
    </ADDITIONALINFO>
    <PATH></PATH>
  </DEFECT>
  <DEFECT>
    <SFA>
      <FILEPATH>C:\Program Files (x86)\Microsoft DirectX SDK (June 2010)\Include\</FILEPATH>
      <FILENAME>d3dx9math.h</FILENAME>
      <LINE>240</LINE>
      <COLUMN>4</COLUMN>
    </SFA>
    <DEFECTCODE>26495</DEFECTCODE>
    <DESCRIPTION>Variable 'D3DXVECTOR4::w' is uninitialized. Always initialize a member variable (type.6).</DESCRIPTION>
    <FUNCTION>D3DXVECTOR4::{ctor}</FUNCTION>
    <DECORATED>??0D3DXVECTOR4@@QAE@XZ</DECORATED>
    <FUNCLINE>240</FUNCLINE>
    <ADDITIONALINFO>
      <targetSymbol>D3DXVECTOR4::w</targetSymbol>
    </ADDITIONALINFO>
    <PATH></PATH>
  </DEFECT>
  <DEFECT>
    <SFA>
      <FILEPATH>C:\Program Files (x86)\Microsoft DirectX SDK (June 2010)\Include\</FILEPATH>
      <FILENAME>d3dx9math.h</FILENAME>
      <LINE>240</LINE>
      <COLUMN>4</COLUMN>
    </SFA>
    <DEFECTCODE>26495</DEFECTCODE>
    <DESCRIPTION>Variable 'D3DXVECTOR4::y' is uninitialized. Always initialize a member variable (type.6).</DESCRIPTION>
    <FUNCTION>D3DXVECTOR4::{ctor}</FUNCTION>
    <DECORATED>??0D3DXVECTOR4@@QAE@XZ</DECORATED>
    <FUNCLINE>240</FUNCLINE>
    <ADDITIONALINFO>
      <targetSymbol>D3DXVECTOR4::y</targetSymbol>
    </ADDITIONALINFO>
    <PATH></PATH>
  </DEFECT>
  <DEFECT>
    <SFA>
      <FILEPATH>C:\Program Files (x86)\Microsoft DirectX SDK (June 2010)\Include\</FILEPATH>
      <FILENAME>d3dx9math.h</FILENAME>
      <LINE>240</LINE>
      <COLUMN>4</COLUMN>
    </SFA>
    <DEFECTCODE>26495</DEFECTCODE>
    <DESCRIPTION>Variable 'D3DXVECTOR4::z' is uninitialized. Always initialize a member variable (type.6).</DESCRIPTION>
    <FUNCTION>D3DXVECTOR4::{ctor}</FUNCTION>
    <DECORATED>??0D3DXVECTOR4@@QAE@XZ</DECORATED>
    <FUNCLINE>240</FUNCLINE>
    <ADDITIONALINFO>
      <targetSymbol>D3DXVECTOR4::z</targetSymbol>
    </ADDITIONALINFO>
    <PATH></PATH>
  </DEFECT>
  <DEFECT>
    <SFA>
      <FILEPATH>C:\Program Files (x86)\Microsoft DirectX SDK (June 2010)\Include\</FILEPATH>
      <FILENAME>d3dx9math.h</FILENAME>
      <LINE>240</LINE>
      <COLUMN>4</COLUMN>
    </SFA>
    <DEFECTCODE>26495</DEFECTCODE>
    <DESCRIPTION>Variable 'D3DXVECTOR4::x' is uninitialized. Always initialize a member variable (type.6).</DESCRIPTION>
    <FUNCTION>D3DXVECTOR4::{ctor}</FUNCTION>
    <DECORATED>??0D3DXVECTOR4@@QAE@XZ</DECORATED>
    <FUNCLINE>240</FUNCLINE>
    <ADDITIONALINFO>
      <targetSymbol>D3DXVECTOR4::x</targetSymbol>
    </ADDITIONALINFO>
    <PATH></PATH>
  </DEFECT>
  <DEFECT>
    <SFA>
      <FILEPATH>C:\Program Files (x86)\Microsoft DirectX SDK (June 2010)\Include\</FILEPATH>
      <FILENAME>d3dx9math.h</FILENAME>
      <LINE>429</LINE>
      <COLUMN>4</COLUMN>
    </SFA>
    <DEFECTCODE>26495</DEFECTCODE>
    <DESCRIPTION>Variable 'D3DXQUATERNION::w' is uninitialized. Always initialize a member variable (type.6).</DESCRIPTION>
    <FUNCTION>D3DXQUATERNION::{ctor}</FUNCTION>
    <DECORATED>??0D3DXQUATERNION@@QAE@XZ</DECORATED>
    <FUNCLINE>429</FUNCLINE>
    <ADDITIONALINFO>
      <targetSymbol>D3DXQUATERNION::w</targetSymbol>
    </ADDITIONALINFO>
    <PATH></PATH>
  </DEFECT>
  <DEFECT>
    <SFA>
      <FILEPATH>C:\Program Files (x86)\Microsoft DirectX SDK (June 2010)\Include\</FILEPATH>
      <FILENAME>d3dx9math.h</FILENAME>
      <LINE>429</LINE>
      <COLUMN>4</COLUMN>
    </SFA>
    <DEFECTCODE>26495</DEFECTCODE>
    <DESCRIPTION>Variable 'D3DXQUATERNION::y' is uninitialized. Always initialize a member variable (type.6).</DESCRIPTION>
    <FUNCTION>D3DXQUATERNION::{ctor}</FUNCTION>
    <DECORATED>??0D3DXQUATERNION@@QAE@XZ</DECORATED>
    <FUNCLINE>429</FUNCLINE>
    <ADDITIONALINFO>
      <targetSymbol>D3DXQUATERNION::y</targetSymbol>
    </ADDITIONALINFO>
    <PATH></PATH>
  </DEFECT>
  <DEFECT>
    <SFA>
      <FILEPATH>C:\Program Files (x86)\Microsoft DirectX SDK (June 2010)\Include\</FILEPATH>
      <FILENAME>d3dx9math.h</FILENAME>
      <LINE>429</LINE>
      <COLUMN>4</COLUMN>
    </SFA>
    <DEFECTCODE>26495</DEFECTCODE>
    <DESCRIPTION>Variable 'D3DXQUATERNION::z' is uninitialized. Always initialize a member variable (type.6).</DESCRIPTION>
    <FUNCTION>D3DXQUATERNION::{ctor}</FUNCTION>
    <DECORATED>??0D3DXQUATERNION@@QAE@XZ</DECORATED>
    <FUNCLINE>429</FUNCLINE>
    <ADDITIONALINFO>
      <targetSymbol>D3DXQUATERNION::z</targetSymbol>
    </ADDITIONALINFO>
    <PATH></PATH>
  </DEFECT>
  <DEFECT>
    <SFA>
      <FILEPATH>C:\Program Files (x86)\Microsoft DirectX SDK (June 2010)\Include\</FILEPATH>
      <FILENAME>d3dx9math.h</FILENAME>
      <LINE>429</LINE>
      <COLUMN>4</COLUMN>
    </SFA>
    <DEFECTCODE>26495</DEFECTCODE>
    <DESCRIPTION>Variable 'D3DXQUATERNION::x' is uninitialized. Always initialize a member variable (type.6).</DESCRIPTION>
    <FUNCTION>D3DXQUATERNION::{ctor}</FUNCTION>
    <DECORATED>??0D3DXQUATERNION@@QAE@XZ</DECORATED>
    <FUNCLINE>429</FUNCLINE>
    <ADDITIONALINFO>
      <targetSymbol>D3DXQUATERNION::x</targetSymbol>
    </ADDITIONALINFO>
    <PATH></PATH>
  </DEFECT>
  <DEFECT>
    <SFA>
      <FILEPATH>C:\Program Files (x86)\Microsoft DirectX SDK (June 2010)\Include\</FILEPATH>
      <FILENAME>d3dx9math.h</FILENAME>
      <LINE>475</LINE>
      <COLUMN>4</COLUMN>
    </SFA>
    <DEFECTCODE>26495</DEFECTCODE>
    <DESCRIPTION>Variable 'D3DXPLANE::a' is uninitialized. Always initialize a member variable (type.6).</DESCRIPTION>
    <FUNCTION>D3DXPLANE::{ctor}</FUNCTION>
    <DECORATED>??0D3DXPLANE@@QAE@XZ</DECORATED>
    <FUNCLINE>475</FUNCLINE>
    <ADDITIONALINFO>
      <targetSymbol>D3DXPLANE::a</targetSymbol>
    </ADDITIONALINFO>
    <PATH></PATH>
  </DEFECT>
  <DEFECT>
    <SFA>
      <FILEPATH>C:\Program Files (x86)\Microsoft DirectX SDK (June 2010)\Include\</FILEPATH>
      <FILENAME>d3dx9math.h</FILENAME>
      <LINE>475</LINE>
      <COLUMN>4</COLUMN>
    </SFA>
    <DEFECTCODE>26495</DEFECTCODE>
    <DESCRIPTION>Variable 'D3DXPLANE::c' is uninitialized. Always initialize a member variable (type.6).</DESCRIPTION>
    <FUNCTION>D3DXPLANE::{ctor}</FUNCTION>
    <DECORATED>??0D3DXPLANE@@QAE@XZ</DECORATED>
    <FUNCLINE>475</FUNCLINE>
    <ADDITIONALINFO>
      <targetSymbol>D3DXPLANE::c</targetSymbol>
    </ADDITIONALINFO>
    <PATH></PATH>
  </DEFECT>
  <DEFECT>
    <SFA>
      <FILEPATH>C:\Program Files (x86)\Microsoft DirectX SDK (June 2010)\Include\</FILEPATH>
      <FILENAME>d3dx9math.h</FILENAME>
      <LINE>475</LINE>
      <COLUMN>4</COLUMN>
    </SFA>
    <DEFECTCODE>26495</DEFECTCODE>
    <DESCRIPTION>Variable 'D3DXPLANE::b' is uninitialized. Always initialize a member variable (type.6).</DESCRIPTION>
    <FUNCTION>D3DXPLANE::{ctor}</FUNCTION>
    <DECORATED>??0D3DXPLANE@@QAE@XZ</DECORATED>
    <FUNCLINE>475</FUNCLINE>
    <ADDITIONALINFO>
      <targetSymbol>D3DXPLANE::b</targetSymbol>
    </ADDITIONALINFO>
    <PATH></PATH>
  </DEFECT>
  <DEFECT>
    <SFA>
      <FILEPATH>C:\Program Files (x86)\Microsoft DirectX SDK (June 2010)\Include\</FILEPATH>
      <FILENAME>d3dx9math.h</FILENAME>
      <LINE>475</LINE>
      <COLUMN>4</COLUMN>
    </SFA>
    <DEFECTCODE>26495</DEFECTCODE>
    <DESCRIPTION>Variable 'D3DXPLANE::d' is uninitialized. Always initialize a member variable (type.6).</DESCRIPTION>
    <FUNCTION>D3DXPLANE::{ctor}</FUNCTION>
    <DECORATED>??0D3DXPLANE@@QAE@XZ</DECORATED>
    <FUNCLINE>475</FUNCLINE>
    <ADDITIONALINFO>
      <targetSymbol>D3DXPLANE::d</targetSymbol>
    </ADDITIONALINFO>
    <PATH></PATH>
  </DEFECT>
  <DEFECT>
    <SFA>
      <FILEPATH>C:\Program Files (x86)\Microsoft DirectX SDK (June 2010)\Include\</FILEPATH>
      <FILENAME>d3dx9math.h</FILENAME>
      <LINE>516</LINE>
      <COLUMN>4</COLUMN>
    </SFA>
    <DEFECTCODE>26495</DEFECTCODE>
    <DESCRIPTION>Variable 'D3DXCOLOR::b' is uninitialized. Always initialize a member variable (type.6).</DESCRIPTION>
    <FUNCTION>D3DXCOLOR::{ctor}</FUNCTION>
    <DECORATED>??0D3DXCOLOR@@QAE@XZ</DECORATED>
    <FUNCLINE>516</FUNCLINE>
    <ADDITIONALINFO>
      <targetSymbol>D3DXCOLOR::b</targetSymbol>
    </ADDITIONALINFO>
    <PATH></PATH>
  </DEFECT>
  <DEFECT>
    <SFA>
      <FILEPATH>C:\Program Files (x86)\Microsoft DirectX SDK (June 2010)\Include\</FILEPATH>
      <FILENAME>d3dx9math.h</FILENAME>
      <LINE>516</LINE>
      <COLUMN>4</COLUMN>
    </SFA>
    <DEFECTCODE>26495</DEFECTCODE>
    <DESCRIPTION>Variable 'D3DXCOLOR::r' is uninitialized. Always initialize a member variable (type.6).</DESCRIPTION>
    <FUNCTION>D3DXCOLOR::{ctor}</FUNCTION>
    <DECORATED>??0D3DXCOLOR@@QAE@XZ</DECORATED>
    <FUNCLINE>516</FUNCLINE>
    <ADDITIONALINFO>
      <targetSymbol>D3DXCOLOR::r</targetSymbol>
    </ADDITIONALINFO>
    <PATH></PATH>
  </DEFECT>
  <DEFECT>
    <SFA>
      <FILEPATH>C:\Program Files (x86)\Microsoft DirectX SDK (June 2010)\Include\</FILEPATH>
      <FILENAME>d3dx9math.h</FILENAME>
      <LINE>516</LINE>
      <COLUMN>4</COLUMN>
    </SFA>
    <DEFECTCODE>26495</DEFECTCODE>
    <DESCRIPTION>Variable 'D3DXCOLOR::g' is uninitialized. Always initialize a member variable (type.6).</DESCRIPTION>
    <FUNCTION>D3DXCOLOR::{ctor}</FUNCTION>
    <DECORATED>??0D3DXCOLOR@@QAE@XZ</DECORATED>
    <FUNCLINE>516</FUNCLINE>
    <ADDITIONALINFO>
      <targetSymbol>D3DXCOLOR::g</targetSymbol>
    </ADDITIONALINFO>
    <PATH></PATH>
  </DEFECT>
  <DEFECT>
    <SFA>
      <FILEPATH>C:\Program Files (x86)\Microsoft DirectX SDK (June 2010)\Include\</FILEPATH>
      <FILENAME>d3dx9math.h</FILENAME>
      <LINE>516</LINE>
      <COLUMN>4</COLUMN>
    </SFA>
    <DEFECTCODE>26495</DEFECTCODE>
    <DESCRIPTION>Variable 'D3DXCOLOR::a' is uninitialized. Always initialize a member variable (type.6).</DESCRIPTION>
    <FUNCTION>D3DXCOLOR::{ctor}</FUNCTION>
    <DECORATED>??0D3DXCOLOR@@QAE@XZ</DECORATED>
    <FUNCLINE>516</FUNCLINE>
    <ADDITIONALINFO>
      <targetSymbol>D3DXCOLOR::a</targetSymbol>
    </ADDITIONALINFO>
    <PATH></PATH>
  </DEFECT>
  <DEFECT>
    <SFA>
      <FILEPATH>C:\Program Files (x86)\Microsoft DirectX SDK (June 2010)\Include\</FILEPATH>
      <FILENAME>d3dx9math.inl</FILENAME>
      <LINE>26</LINE>
      <COLUMN>13</COLUMN>
    </SFA>
    <DEFECTCODE>26495</DEFECTCODE>
    <DESCRIPTION>Variable 'D3DXFLOAT16::value' is uninitialized. Always initialize a member variable (type.6).</DESCRIPTION>
    <FUNCTION>D3DXFLOAT16::{ctor}</FUNCTION>
    <DECORATED>??0D3DXFLOAT16@@QAE@M@Z</DECORATED>
    <FUNCLINE>26</FUNCLINE>
    <ADDITIONALINFO>
      <targetSymbol>D3DXFLOAT16::value</targetSymbol>
    </ADDITIONALINFO>
    <PATH></PATH>
  </DEFECT>
  <DEFECT>
    <SFA>
      <FILEPATH>C:\Program Files (x86)\Microsoft DirectX SDK (June 2010)\Include\</FILEPATH>
      <FILENAME>d3dx9math.inl</FILENAME>
      <LINE>77</LINE>
      <COLUMN>13</COLUMN>
    </SFA>
    <DEFECTCODE>26495</DEFECTCODE>
    <DESCRIPTION>Variable 'D3DXVECTOR2::y' is uninitialized. Always initialize a member variable (type.6).</DESCRIPTION>
    <FUNCTION>D3DXVECTOR2::{ctor}</FUNCTION>
    <DECORATED>??0D3DXVECTOR2@@QAE@PBUD3DXFLOAT16@@@Z</DECORATED>
    <FUNCLINE>77</FUNCLINE>
    <ADDITIONALINFO>
      <targetSymbol>D3DXVECTOR2::y</targetSymbol>
    </ADDITIONALINFO>
    <PATH></PATH>
  </DEFECT>
  <DEFECT>
    <SFA>
      <FILEPATH>C:\Program Files (x86)\Microsoft DirectX SDK (June 2010)\Include\</FILEPATH>
      <FILENAME>d3dx9math.inl</FILENAME>
      <LINE>517</LINE>
      <COLUMN>13</COLUMN>
    </SFA>
    <DEFECTCODE>26495</DEFECTCODE>
    <DESCRIPTION>Variable 'D3DXVECTOR4::w' is uninitialized. Always initialize a member variable (type.6).</DESCRIPTION>
    <FUNCTION>D3DXVECTOR4::{ctor}</FUNCTION>
    <DECORATED>??0D3DXVECTOR4@@QAE@PBUD3DXFLOAT16@@@Z</DECORATED>
    <FUNCLINE>517</FUNCLINE>
    <ADDITIONALINFO>
      <targetSymbol>D3DXVECTOR4::w</targetSymbol>
    </ADDITIONALINFO>
    <PATH></PATH>
  </DEFECT>
  <DEFECT>
    <SFA>
      <FILEPATH>C:\Program Files (x86)\Microsoft DirectX SDK (June 2010)\Include\</FILEPATH>
      <FILENAME>d3dx9math.inl</FILENAME>
      <LINE>517</LINE>
      <COLUMN>13</COLUMN>
    </SFA>
    <DEFECTCODE>26495</DEFECTCODE>
    <DESCRIPTION>Variable 'D3DXVECTOR4::y' is uninitialized. Always initialize a member variable (type.6).</DESCRIPTION>
    <FUNCTION>D3DXVECTOR4::{ctor}</FUNCTION>
    <DECORATED>??0D3DXVECTOR4@@QAE@PBUD3DXFLOAT16@@@Z</DECORATED>
    <FUNCLINE>517</FUNCLINE>
    <ADDITIONALINFO>
      <targetSymbol>D3DXVECTOR4::y</targetSymbol>
    </ADDITIONALINFO>
    <PATH></PATH>
  </DEFECT>
  <DEFECT>
    <SFA>
      <FILEPATH>C:\Program Files (x86)\Microsoft DirectX SDK (June 2010)\Include\</FILEPATH>
      <FILENAME>d3dx9math.inl</FILENAME>
      <LINE>517</LINE>
      <COLUMN>13</COLUMN>
    </SFA>
    <DEFECTCODE>26495</DEFECTCODE>
    <DESCRIPTION>Variable 'D3DXVECTOR4::z' is uninitialized. Always initialize a member variable (type.6).</DESCRIPTION>
    <FUNCTION>D3DXVECTOR4::{ctor}</FUNCTION>
    <DECORATED>??0D3DXVECTOR4@@QAE@PBUD3DXFLOAT16@@@Z</DECORATED>
    <FUNCLINE>517</FUNCLINE>
    <ADDITIONALINFO>
      <targetSymbol>D3DXVECTOR4::z</targetSymbol>
    </ADDITIONALINFO>
    <PATH></PATH>
  </DEFECT>
  <DEFECT>
    <SFA>
      <FILEPATH>C:\Program Files (x86)\Microsoft DirectX SDK (June 2010)\Include\</FILEPATH>
      <FILENAME>d3dx9math.inl</FILENAME>
      <LINE>1068</LINE>
      <COLUMN>16</COLUMN>
    </SFA>
    <DEFECTCODE>26495</DEFECTCODE>
    <DESCRIPTION>Variable 'D3DXQUATERNION::w' is uninitialized. Always initialize a member variable (type.6).</DESCRIPTION>
    <FUNCTION>D3DXQUATERNION::{ctor}</FUNCTION>
    <DECORATED>??0D3DXQUATERNION@@QAE@PBUD3DXFLOAT16@@@Z</DECORATED>
    <FUNCLINE>1068</FUNCLINE>
    <ADDITIONALINFO>
      <targetSymbol>D3DXQUATERNION::w</targetSymbol>
    </ADDITIONALINFO>
    <PATH></PATH>
  </DEFECT>
  <DEFECT>
    <SFA>
      <FILEPATH>C:\Program Files (x86)\Microsoft DirectX SDK (June 2010)\Include\</FILEPATH>
      <FILENAME>d3dx9math.inl</FILENAME>
      <LINE>1068</LINE>
      <COLUMN>16</COLUMN>
    </SFA>
    <DEFECTCODE>26495</DEFECTCODE>
    <DESCRIPTION>Variable 'D3DXQUATERNION::y' is uninitialized. Always initialize a member variable (type.6).</DESCRIPTION>
    <FUNCTION>D3DXQUATERNION::{ctor}</FUNCTION>
    <DECORATED>??0D3DXQUATERNION@@QAE@PBUD3DXFLOAT16@@@Z</DECORATED>
    <FUNCLINE>1068</FUNCLINE>
    <ADDITIONALINFO>
      <targetSymbol>D3DXQUATERNION::y</targetSymbol>
    </ADDITIONALINFO>
    <PATH></PATH>
  </DEFECT>
  <DEFECT>
    <SFA>
      <FILEPATH>C:\Program Files (x86)\Microsoft DirectX SDK (June 2010)\Include\</FILEPATH>
      <FILENAME>d3dx9math.inl</FILENAME>
      <LINE>1068</LINE>
      <COLUMN>16</COLUMN>
    </SFA>
    <DEFECTCODE>26495</DEFECTCODE>
    <DESCRIPTION>Variable 'D3DXQUATERNION::z' is uninitialized. Always initialize a member variable (type.6).</DESCRIPTION>
    <FUNCTION>D3DXQUATERNION::{ctor}</FUNCTION>
    <DECORATED>??0D3DXQUATERNION@@QAE@PBUD3DXFLOAT16@@@Z</DECORATED>
    <FUNCLINE>1068</FUNCLINE>
    <ADDITIONALINFO>
      <targetSymbol>D3DXQUATERNION::z</targetSymbol>
    </ADDITIONALINFO>
    <PATH></PATH>
  </DEFECT>
  <DEFECT>
    <SFA>
      <FILEPATH>C:\Program Files (x86)\Microsoft DirectX SDK (June 2010)\Include\</FILEPATH>
      <FILENAME>d3dx9math.inl</FILENAME>
      <LINE>1241</LINE>
      <COLUMN>11</COLUMN>
    </SFA>
    <DEFECTCODE>26495</DEFECTCODE>
    <DESCRIPTION>Variable 'D3DXPLANE::c' is uninitialized. Always initialize a member variable (type.6).</DESCRIPTION>
    <FUNCTION>D3DXPLANE::{ctor}</FUNCTION>
    <DECORATED>??0D3DXPLANE@@QAE@PBUD3DXFLOAT16@@@Z</DECORATED>
    <FUNCLINE>1241</FUNCLINE>
    <ADDITIONALINFO>
      <targetSymbol>D3DXPLANE::c</targetSymbol>
    </ADDITIONALINFO>
    <PATH></PATH>
  </DEFECT>
  <DEFECT>
    <SFA>
      <FILEPATH>C:\Program Files (x86)\Microsoft DirectX SDK (June 2010)\Include\</FILEPATH>
      <FILENAME>d3dx9math.inl</FILENAME>
      <LINE>1241</LINE>
      <COLUMN>11</COLUMN>
    </SFA>
    <DEFECTCODE>26495</DEFECTCODE>
    <DESCRIPTION>Variable 'D3DXPLANE::b' is uninitialized. Always initialize a member variable (type.6).</DESCRIPTION>
    <FUNCTION>D3DXPLANE::{ctor}</FUNCTION>
    <DECORATED>??0D3DXPLANE@@QAE@PBUD3DXFLOAT16@@@Z</DECORATED>
    <FUNCLINE>1241</FUNCLINE>
    <ADDITIONALINFO>
      <targetSymbol>D3DXPLANE::b</targetSymbol>
    </ADDITIONALINFO>
    <PATH></PATH>
  </DEFECT>
  <DEFECT>
    <SFA>
      <FILEPATH>C:\Program Files (x86)\Microsoft DirectX SDK (June 2010)\Include\</FILEPATH>
      <FILENAME>d3dx9math.inl</FILENAME>
      <LINE>1241</LINE>
      <COLUMN>11</COLUMN>
    </SFA>
    <DEFECTCODE>26495</DEFECTCODE>
    <DESCRIPTION>Variable 'D3DXPLANE::d' is uninitialized. Always initialize a member variable (type.6).</DESCRIPTION>
    <FUNCTION>D3DXPLANE::{ctor}</FUNCTION>
    <DECORATED>??0D3DXPLANE@@QAE@PBUD3DXFLOAT16@@@Z</DECORATED>
    <FUNCLINE>1241</FUNCLINE>
    <ADDITIONALINFO>
      <targetSymbol>D3DXPLANE::d</targetSymbol>
    </ADDITIONALINFO>
    <PATH></PATH>
  </DEFECT>
  <DEFECT>
    <SFA>
      <FILEPATH>C:\Program Files (x86)\Microsoft DirectX SDK (June 2010)\Include\</FILEPATH>
      <FILENAME>d3dx9math.inl</FILENAME>
      <LINE>1376</LINE>
      <COLUMN>11</COLUMN>
    </SFA>
    <DEFECTCODE>26495</DEFECTCODE>
    <DESCRIPTION>Variable 'D3DXCOLOR::b' is uninitialized. Always initialize a member variable (type.6).</DESCRIPTION>
    <FUNCTION>D3DXCOLOR::{ctor}</FUNCTION>
    <DECORATED>??0D3DXCOLOR@@QAE@PBUD3DXFLOAT16@@@Z</DECORATED>
    <FUNCLINE>1376</FUNCLINE>
    <ADDITIONALINFO>
      <targetSymbol>D3DXCOLOR::b</targetSymbol>
    </ADDITIONALINFO>
    <PATH></PATH>
  </DEFECT>
  <DEFECT>
    <SFA>
      <FILEPATH>C:\Program Files (x86)\Microsoft DirectX SDK (June 2010)\Include\</FILEPATH>
      <FILENAME>d3dx9math.inl</FILENAME>
      <LINE>1376</LINE>
      <COLUMN>11</COLUMN>
    </SFA>
    <DEFECTCODE>26495</DEFECTCODE>
    <DESCRIPTION>Variable 'D3DXCOLOR::g' is uninitialized. Always initialize a member variable (type.6).</DESCRIPTION>
    <FUNCTION>D3DXCOLOR::{ctor}</FUNCTION>
    <DECORATED>??0D3DXCOLOR@@QAE@PBUD3DXFLOAT16@@@Z</DECORATED>
    <FUNCLINE>1376</FUNCLINE>
    <ADDITIONALINFO>
      <targetSymbol>D3DXCOLOR::g</targetSymbol>
    </ADDITIONALINFO>
    <PATH></PATH>
  </DEFECT>
  <DEFECT>
    <SFA>
      <FILEPATH>C:\Program Files (x86)\Microsoft DirectX SDK (June 2010)\Include\</FILEPATH>
      <FILENAME>d3dx9math.inl</FILENAME>
      <LINE>1376</LINE>
      <COLUMN>11</COLUMN>
    </SFA>
    <DEFECTCODE>26495</DEFECTCODE>
    <DESCRIPTION>Variable 'D3DXCOLOR::a' is uninitialized. Always initialize a member variable (type.6).</DESCRIPTION>
    <FUNCTION>D3DXCOLOR::{ctor}</FUNCTION>
    <DECORATED>??0D3DXCOLOR@@QAE@PBUD3DXFLOAT16@@@Z</DECORATED>
    <FUNCLINE>1376</FUNCLINE>
    <ADDITIONALINFO>
      <targetSymbol>D3DXCOLOR::a</targetSymbol>
    </ADDITIONALINFO>
    <PATH></PATH>
  </DEFECT>
  <DEFECT>
    <SFA>
      <FILEPATH>C:\Users\JHPark\Desktop\김재우\git\DirectX_terrain\DirectX_terrain\</FILEPATH>
      <FILENAME>Engine.cpp</FILENAME>
      <LINE>4</LINE>
      <COLUMN>8</COLUMN>
    </SFA>
    <DEFECTCODE>26495</DEFECTCODE>
    <DESCRIPTION>Variable 'Engine::g_hwnd' is uninitialized. Always initialize a member variable (type.6).</DESCRIPTION>
    <FUNCTION>Engine::{ctor}</FUNCTION>
    <DECORATED>??0Engine@@QAE@XZ</DECORATED>
    <FUNCLINE>4</FUNCLINE>
    <ADDITIONALINFO>
      <targetSymbol>Engine::g_hwnd</targetSymbol>
    </ADDITIONALINFO>
    <PATH></PATH>
  </DEFECT>
  <DEFECT>
    <SFA>
      <FILEPATH>C:\Users\JHPark\Desktop\김재우\git\DirectX_terrain\DirectX_terrain\</FILEPATH>
      <FILENAME>Engine.cpp</FILENAME>
      <LINE>4</LINE>
      <COLUMN>8</COLUMN>
    </SFA>
    <DEFECTCODE>26495</DEFECTCODE>
    <DESCRIPTION>Variable 'Engine::g_pd3dDevice' is uninitialized. Always initialize a member variable (type.6).</DESCRIPTION>
    <FUNCTION>Engine::{ctor}</FUNCTION>
    <DECORATED>??0Engine@@QAE@XZ</DECORATED>
    <FUNCLINE>4</FUNCLINE>
    <ADDITIONALINFO>
      <targetSymbol>Engine::g_pd3dDevice</targetSymbol>
    </ADDITIONALINFO>
    <PATH></PATH>
  </DEFECT>
  <DEFECT>
    <SFA>
      <FILEPATH>C:\Users\JHPark\Desktop\김재우\git\DirectX_terrain\DirectX_terrain\</FILEPATH>
      <FILENAME>Engine.cpp</FILENAME>
      <LINE>4</LINE>
      <COLUMN>8</COLUMN>
    </SFA>
    <DEFECTCODE>26495</DEFECTCODE>
    <DESCRIPTION>Variable 'Engine::m_CamMap' is uninitialized. Always initialize a member variable (type.6).</DESCRIPTION>
    <FUNCTION>Engine::{ctor}</FUNCTION>
    <DECORATED>??0Engine@@QAE@XZ</DECORATED>
    <FUNCLINE>4</FUNCLINE>
    <ADDITIONALINFO>
      <targetSymbol>Engine::m_CamMap</targetSymbol>
    </ADDITIONALINFO>
    <PATH></PATH>
  </DEFECT>
  <DEFECT>
    <SFA>
      <FILEPATH>C:\Users\JHPark\Desktop\김재우\git\DirectX_terrain\DirectX_terrain\</FILEPATH>
      <FILENAME>Engine.cpp</FILENAME>
      <LINE>4</LINE>
      <COLUMN>8</COLUMN>
    </SFA>
    <DEFECTCODE>26495</DEFECTCODE>
    <DESCRIPTION>Variable 'Engine::m_CamMain' is uninitialized. Always initialize a member variable (type.6).</DESCRIPTION>
    <FUNCTION>Engine::{ctor}</FUNCTION>
    <DECORATED>??0Engine@@QAE@XZ</DECORATED>
    <FUNCLINE>4</FUNCLINE>
    <ADDITIONALINFO>
      <targetSymbol>Engine::m_CamMain</targetSymbol>
    </ADDITIONALINFO>
    <PATH></PATH>
  </DEFECT>
  <DEFECT>
    <SFA>
      <FILEPATH>C:\Users\JHPark\Desktop\김재우\git\DirectX_terrain\DirectX_terrain\</FILEPATH>
      <FILENAME>Engine.cpp</FILENAME>
      <LINE>4</LINE>
      <COLUMN>8</COLUMN>
    </SFA>
    <DEFECTCODE>26495</DEFECTCODE>
    <DESCRIPTION>Variable 'Engine::m_winSizeX' is uninitialized. Always initialize a member variable (type.6).</DESCRIPTION>
    <FUNCTION>Engine::{ctor}</FUNCTION>
    <DECORATED>??0Engine@@QAE@XZ</DECORATED>
    <FUNCLINE>4</FUNCLINE>
    <ADDITIONALINFO>
      <targetSymbol>Engine::m_winSizeX</targetSymbol>
    </ADDITIONALINFO>
    <PATH></PATH>
  </DEFECT>
  <DEFECT>
    <SFA>
      <FILEPATH>C:\Users\JHPark\Desktop\김재우\git\DirectX_terrain\DirectX_terrain\</FILEPATH>
      <FILENAME>Engine.cpp</FILENAME>
      <LINE>4</LINE>
      <COLUMN>8</COLUMN>
    </SFA>
    <DEFECTCODE>26495</DEFECTCODE>
    <DESCRIPTION>Variable 'Engine::g_pD3D' is uninitialized. Always initialize a member variable (type.6).</DESCRIPTION>
    <FUNCTION>Engine::{ctor}</FUNCTION>
    <DECORATED>??0Engine@@QAE@XZ</DECORATED>
    <FUNCLINE>4</FUNCLINE>
    <ADDITIONALINFO>
      <targetSymbol>Engine::g_pD3D</targetSymbol>
    </ADDITIONALINFO>
    <PATH></PATH>
  </DEFECT>
  <DEFECT>
    <SFA>
      <FILEPATH>C:\Users\JHPark\Desktop\김재우\git\DirectX_terrain\DirectX_terrain\</FILEPATH>
      <FILENAME>Engine.cpp</FILENAME>
      <LINE>4</LINE>
      <COLUMN>8</COLUMN>
    </SFA>
    <DEFECTCODE>26495</DEFECTCODE>
    <DESCRIPTION>Variable 'Engine::m_target' is uninitialized. Always initialize a member variable (type.6).</DESCRIPTION>
    <FUNCTION>Engine::{ctor}</FUNCTION>
    <DECORATED>??0Engine@@QAE@XZ</DECORATED>
    <FUNCLINE>4</FUNCLINE>
    <ADDITIONALINFO>
      <targetSymbol>Engine::m_target</targetSymbol>
    </ADDITIONALINFO>
    <PATH></PATH>
  </DEFECT>
  <DEFECT>
    <SFA>
      <FILEPATH>C:\Users\JHPark\Desktop\김재우\git\DirectX_terrain\DirectX_terrain\</FILEPATH>
      <FILENAME>Engine.cpp</FILENAME>
      <LINE>4</LINE>
      <COLUMN>8</COLUMN>
    </SFA>
    <DEFECTCODE>26495</DEFECTCODE>
    <DESCRIPTION>Variable 'Engine::m_winSizeY' is uninitialized. Always initialize a member variable (type.6).</DESCRIPTION>
    <FUNCTION>Engine::{ctor}</FUNCTION>
    <DECORATED>??0Engine@@QAE@XZ</DECORATED>
    <FUNCLINE>4</FUNCLINE>
    <ADDITIONALINFO>
      <targetSymbol>Engine::m_winSizeY</targetSymbol>
    </ADDITIONALINFO>
    <PATH></PATH>
  </DEFECT>
  <DEFECT>
    <SFA>
      <FILEPATH>C:\Users\JHPark\Desktop\김재우\git\DirectX_terrain\DirectX_terrain\</FILEPATH>
      <FILENAME>Engine.cpp</FILENAME>
      <LINE>4</LINE>
      <COLUMN>8</COLUMN>
    </SFA>
    <DEFECTCODE>26495</DEFECTCODE>
    <DESCRIPTION>Variable 'Engine::g_pTerrain' is uninitialized. Always initialize a member variable (type.6).</DESCRIPTION>
    <FUNCTION>Engine::{ctor}</FUNCTION>
    <DECORATED>??0Engine@@QAE@XZ</DECORATED>
    <FUNCLINE>4</FUNCLINE>
    <ADDITIONALINFO>
      <targetSymbol>Engine::g_pTerrain</targetSymbol>
    </ADDITIONALINFO>
    <PATH></PATH>
  </DEFECT>
  <DEFECT>
    <SFA>
      <FILEPATH>C:\Users\JHPark\Desktop\김재우\git\DirectX_terrain\DirectX_terrain\</FILEPATH>
      <FILENAME>Engine.cpp</FILENAME>
      <LINE>4</LINE>
      <COLUMN>8</COLUMN>
    </SFA>
    <DEFECTCODE>26495</DEFECTCODE>
    <DESCRIPTION>Variable 'Engine::g_pFrustum' is uninitialized. Always initialize a member variable (type.6).</DESCRIPTION>
    <FUNCTION>Engine::{ctor}</FUNCTION>
    <DECORATED>??0Engine@@QAE@XZ</DECORATED>
    <FUNCLINE>4</FUNCLINE>
    <ADDITIONALINFO>
      <targetSymbol>Engine::g_pFrustum</targetSymbol>
    </ADDITIONALINFO>
    <PATH></PATH>
  </DEFECT>
  <DEFECT>
    <SFA>
      <FILEPATH>C:\Users\JHPark\Desktop\김재우\git\DirectX_terrain\DirectX_terrain\</FILEPATH>
      <FILENAME>Engine.cpp</FILENAME>
      <LINE>86</LINE>
      <COLUMN>39</COLUMN>
    </SFA>
    <DEFECTCODE>28159</DEFECTCODE>
    <DESCRIPTION>'GetTickCount64'을(를) 'GetTickCount' 대신 사용하십시오. 이유: GetTickCount overflows roughly every 49 days.  Code that does not take that into account can loop indefinitely.  GetTickCount64 operates on 64 bit values and does not have that problem</DESCRIPTION>
    <FUNCTION>Engine::InitLight</FUNCTION>
    <DECORATED>?InitLight@Engine@@QAEJXZ</DECORATED>
    <FUNCLINE>76</FUNCLINE>
    <PATH></PATH>
  </DEFECT>
  <DEFECT>
    <SFA>
      <FILEPATH>C:\Users\JHPark\Desktop\김재우\git\DirectX_terrain\DirectX_terrain\</FILEPATH>
      <FILENAME>Engine.cpp</FILENAME>
      <LINE>88</LINE>
      <COLUMN>19</COLUMN>
    </SFA>
    <DEFECTCODE>28159</DEFECTCODE>
    <DESCRIPTION>'GetTickCount64'을(를) 'GetTickCount' 대신 사용하십시오. 이유: GetTickCount overflows roughly every 49 days.  Code that does not take that into account can loop indefinitely.  GetTickCount64 operates on 64 bit values and does not have that problem</DESCRIPTION>
    <FUNCTION>Engine::InitLight</FUNCTION>
    <DECORATED>?InitLight@Engine@@QAEJXZ</DECORATED>
    <FUNCLINE>76</FUNCLINE>
    <PATH></PATH>
  </DEFECT>
</DEFECTS>