<?xml version="1.0" encoding="UTF-8"?>
<DEFECTS>
  <DEFECT>
    <SFA>
      <FILEPATH>C:\Program Files (x86)\Microsoft DirectX SDK (June 2010)\Include\</FILEPATH>
      <FILENAME>d3dx9math.h</FILENAME>
      <LINE>59</LINE>
      <COLUMN>4</COLUMN>
    </SFA>
    <DEFECTCODE>26495</DEFECTCODE>
    <DESCRIPTION>Variable 'D3DXFLOAT16::value' is uninitialized. Always initialize a member variable (type.6).</DESCRIPTION>
    <FUNCTION>D3DXFLOAT16::{ctor}</FUNCTION>
    <DECORATED>??0D3DXFLOAT16@@QAE@XZ</DECORATED>
    <FUNCLINE>59</FUNCLINE>
    <ADDITIONALINFO>
      <targetSymbol>D3DXFLOAT16::value</targetSymbol>
    </ADDITIONALINFO>
    <PATH></PATH>
  </DEFECT>
  <DEFECT>
    <SFA>
      <FILEPATH>C:\Program Files (x86)\Microsoft DirectX SDK (June 2010)\Include\</FILEPATH>
      <FILENAME>d3dx9math.h</FILENAME>
      <LINE>91</LINE>
      <COLUMN>4</COLUMN>
    </SFA>
    <DEFECTCODE>26495</DEFECTCODE>
    <DESCRIPTION>Variable 'D3DXVECTOR2::y' is uninitialized. Always initialize a member variable (type.6).</DESCRIPTION>
    <FUNCTION>D3DXVECTOR2::{ctor}</FUNCTION>
    <DECORATED>??0D3DXVECTOR2@@QAE@XZ</DECORATED>
    <FUNCLINE>91</FUNCLINE>
    <ADDITIONALINFO>
      <targetSymbol>D3DXVECTOR2::y</targetSymbol>
    </ADDITIONALINFO>
    <PATH></PATH>
  </DEFECT>
  <DEFECT>
    <SFA>
      <FILEPATH>C:\Program Files (x86)\Microsoft DirectX SDK (June 2010)\Include\</FILEPATH>
      <FILENAME>d3dx9math.h</FILENAME>
      <LINE>91</LINE>
      <COLUMN>4</COLUMN>
    </SFA>
    <DEFECTCODE>26495</DEFECTCODE>
    <DESCRIPTION>Variable 'D3DXVECTOR2::x' is uninitialized. Always initialize a member variable (type.6).</DESCRIPTION>
    <FUNCTION>D3DXVECTOR2::{ctor}</FUNCTION>
    <DECORATED>??0D3DXVECTOR2@@QAE@XZ</DECORATED>
    <FUNCLINE>91</FUNCLINE>
    <ADDITIONALINFO>
      <targetSymbol>D3DXVECTOR2::x</targetSymbol>
    </ADDITIONALINFO>
    <PATH></PATH>
  </DEFECT>
  <DEFECT>
    <SFA>
      <FILEPATH>C:\Program Files (x86)\Microsoft DirectX SDK (June 2010)\Include\</FILEPATH>
      <FILENAME>d3dx9math.h</FILENAME>
      <LINE>240</LINE>
      <COLUMN>4</COLUMN>
    </SFA>
    <DEFECTCODE>26495</DEFECTCODE>
    <DESCRIPTION>Variable 'D3DXVECTOR4::w' is uninitialized. Always initialize a member variable (type.6).</DESCRIPTION>
    <FUNCTION>D3DXVECTOR4::{ctor}</FUNCTION>
    <DECORATED>??0D3DXVECTOR4@@QAE@XZ</DECORATED>
    <FUNCLINE>240</FUNCLINE>
    <ADDITIONALINFO>
      <targetSymbol>D3DXVECTOR4::w</targetSymbol>
    </ADDITIONALINFO>
    <PATH></PATH>
  </DEFECT>
  <DEFECT>
    <SFA>
      <FILEPATH>C:\Program Files (x86)\Microsoft DirectX SDK (June 2010)\Include\</FILEPATH>
      <FILENAME>d3dx9math.h</FILENAME>
      <LINE>240</LINE>
      <COLUMN>4</COLUMN>
    </SFA>
    <DEFECTCODE>26495</DEFECTCODE>
    <DESCRIPTION>Variable 'D3DXVECTOR4::y' is uninitialized. Always initialize a member variable (type.6).</DESCRIPTION>
    <FUNCTION>D3DXVECTOR4::{ctor}</FUNCTION>
    <DECORATED>??0D3DXVECTOR4@@QAE@XZ</DECORATED>
    <FUNCLINE>240</FUNCLINE>
    <ADDITIONALINFO>
      <targetSymbol>D3DXVECTOR4::y</targetSymbol>
    </ADDITIONALINFO>
    <PATH></PATH>
  </DEFECT>
  <DEFECT>
    <SFA>
      <FILEPATH>C:\Program Files (x86)\Microsoft DirectX SDK (June 2010)\Include\</FILEPATH>
      <FILENAME>d3dx9math.h</FILENAME>
      <LINE>240</LINE>
      <COLUMN>4</COLUMN>
    </SFA>
    <DEFECTCODE>26495</DEFECTCODE>
    <DESCRIPTION>Variable 'D3DXVECTOR4::z' is uninitialized. Always initialize a member variable (type.6).</DESCRIPTION>
    <FUNCTION>D3DXVECTOR4::{ctor}</FUNCTION>
    <DECORATED>??0D3DXVECTOR4@@QAE@XZ</DECORATED>
    <FUNCLINE>240</FUNCLINE>
    <ADDITIONALINFO>
      <targetSymbol>D3DXVECTOR4::z</targetSymbol>
    </ADDITIONALINFO>
    <PATH></PATH>
  </DEFECT>
  <DEFECT>
    <SFA>
      <FILEPATH>C:\Program Files (x86)\Microsoft DirectX SDK (June 2010)\Include\</FILEPATH>
      <FILENAME>d3dx9math.h</FILENAME>
      <LINE>240</LINE>
      <COLUMN>4</COLUMN>
    </SFA>
    <DEFECTCODE>26495</DEFECTCODE>
    <DESCRIPTION>Variable 'D3DXVECTOR4::x' is uninitialized. Always initialize a member variable (type.6).</DESCRIPTION>
    <FUNCTION>D3DXVECTOR4::{ctor}</FUNCTION>
    <DECORATED>??0D3DXVECTOR4@@QAE@XZ</DECORATED>
    <FUNCLINE>240</FUNCLINE>
    <ADDITIONALINFO>
      <targetSymbol>D3DXVECTOR4::x</targetSymbol>
    </ADDITIONALINFO>
    <PATH></PATH>
  </DEFECT>
  <DEFECT>
    <SFA>
      <FILEPATH>C:\Program Files (x86)\Microsoft DirectX SDK (June 2010)\Include\</FILEPATH>
      <FILENAME>d3dx9math.h</FILENAME>
      <LINE>429</LINE>
      <COLUMN>4</COLUMN>
    </SFA>
    <DEFECTCODE>26495</DEFECTCODE>
    <DESCRIPTION>Variable 'D3DXQUATERNION::w' is uninitialized. Always initialize a member variable (type.6).</DESCRIPTION>
    <FUNCTION>D3DXQUATERNION::{ctor}</FUNCTION>
    <DECORATED>??0D3DXQUATERNION@@QAE@XZ</DECORATED>
    <FUNCLINE>429</FUNCLINE>
    <ADDITIONALINFO>
      <targetSymbol>D3DXQUATERNION::w</targetSymbol>
    </ADDITIONALINFO>
    <PATH></PATH>
  </DEFECT>
  <DEFECT>
    <SFA>
      <FILEPATH>C:\Program Files (x86)\Microsoft DirectX SDK (June 2010)\Include\</FILEPATH>
      <FILENAME>d3dx9math.h</FILENAME>
      <LINE>429</LINE>
      <COLUMN>4</COLUMN>
    </SFA>
    <DEFECTCODE>26495</DEFECTCODE>
    <DESCRIPTION>Variable 'D3DXQUATERNION::y' is uninitialized. Always initialize a member variable (type.6).</DESCRIPTION>
    <FUNCTION>D3DXQUATERNION::{ctor}</FUNCTION>
    <DECORATED>??0D3DXQUATERNION@@QAE@XZ</DECORATED>
    <FUNCLINE>429</FUNCLINE>
    <ADDITIONALINFO>
      <targetSymbol>D3DXQUATERNION::y</targetSymbol>
    </ADDITIONALINFO>
    <PATH></PATH>
  </DEFECT>
  <DEFECT>
    <SFA>
      <FILEPATH>C:\Program Files (x86)\Microsoft DirectX SDK (June 2010)\Include\</FILEPATH>
      <FILENAME>d3dx9math.h</FILENAME>
      <LINE>429</LINE>
      <COLUMN>4</COLUMN>
    </SFA>
    <DEFECTCODE>26495</DEFECTCODE>
    <DESCRIPTION>Variable 'D3DXQUATERNION::z' is uninitialized. Always initialize a member variable (type.6).</DESCRIPTION>
    <FUNCTION>D3DXQUATERNION::{ctor}</FUNCTION>
    <DECORATED>??0D3DXQUATERNION@@QAE@XZ</DECORATED>
    <FUNCLINE>429</FUNCLINE>
    <ADDITIONALINFO>
      <targetSymbol>D3DXQUATERNION::z</targetSymbol>
    </ADDITIONALINFO>
    <PATH></PATH>
  </DEFECT>
  <DEFECT>
    <SFA>
      <FILEPATH>C:\Program Files (x86)\Microsoft DirectX SDK (June 2010)\Include\</FILEPATH>
      <FILENAME>d3dx9math.h</FILENAME>
      <LINE>429</LINE>
      <COLUMN>4</COLUMN>
    </SFA>
    <DEFECTCODE>26495</DEFECTCODE>
    <DESCRIPTION>Variable 'D3DXQUATERNION::x' is uninitialized. Always initialize a member variable (type.6).</DESCRIPTION>
    <FUNCTION>D3DXQUATERNION::{ctor}</FUNCTION>
    <DECORATED>??0D3DXQUATERNION@@QAE@XZ</DECORATED>
    <FUNCLINE>429</FUNCLINE>
    <ADDITIONALINFO>
      <targetSymbol>D3DXQUATERNION::x</targetSymbol>
    </ADDITIONALINFO>
    <PATH></PATH>
  </DEFECT>
  <DEFECT>
    <SFA>
      <FILEPATH>C:\Program Files (x86)\Microsoft DirectX SDK (June 2010)\Include\</FILEPATH>
      <FILENAME>d3dx9math.h</FILENAME>
      <LINE>475</LINE>
      <COLUMN>4</COLUMN>
    </SFA>
    <DEFECTCODE>26495</DEFECTCODE>
    <DESCRIPTION>Variable 'D3DXPLANE::a' is uninitialized. Always initialize a member variable (type.6).</DESCRIPTION>
    <FUNCTION>D3DXPLANE::{ctor}</FUNCTION>
    <DECORATED>??0D3DXPLANE@@QAE@XZ</DECORATED>
    <FUNCLINE>475</FUNCLINE>
    <ADDITIONALINFO>
      <targetSymbol>D3DXPLANE::a</targetSymbol>
    </ADDITIONALINFO>
    <PATH></PATH>
  </DEFECT>
  <DEFECT>
    <SFA>
      <FILEPATH>C:\Program Files (x86)\Microsoft DirectX SDK (June 2010)\Include\</FILEPATH>
      <FILENAME>d3dx9math.h</FILENAME>
      <LINE>475</LINE>
      <COLUMN>4</COLUMN>
    </SFA>
    <DEFECTCODE>26495</DEFECTCODE>
    <DESCRIPTION>Variable 'D3DXPLANE::c' is uninitialized. Always initialize a member variable (type.6).</DESCRIPTION>
    <FUNCTION>D3DXPLANE::{ctor}</FUNCTION>
    <DECORATED>??0D3DXPLANE@@QAE@XZ</DECORATED>
    <FUNCLINE>475</FUNCLINE>
    <ADDITIONALINFO>
      <targetSymbol>D3DXPLANE::c</targetSymbol>
    </ADDITIONALINFO>
    <PATH></PATH>
  </DEFECT>
  <DEFECT>
    <SFA>
      <FILEPATH>C:\Program Files (x86)\Microsoft DirectX SDK (June 2010)\Include\</FILEPATH>
      <FILENAME>d3dx9math.h</FILENAME>
      <LINE>475</LINE>
      <COLUMN>4</COLUMN>
    </SFA>
    <DEFECTCODE>26495</DEFECTCODE>
    <DESCRIPTION>Variable 'D3DXPLANE::b' is uninitialized. Always initialize a member variable (type.6).</DESCRIPTION>
    <FUNCTION>D3DXPLANE::{ctor}</FUNCTION>
    <DECORATED>??0D3DXPLANE@@QAE@XZ</DECORATED>
    <FUNCLINE>475</FUNCLINE>
    <ADDITIONALINFO>
      <targetSymbol>D3DXPLANE::b</targetSymbol>
    </ADDITIONALINFO>
    <PATH></PATH>
  </DEFECT>
  <DEFECT>
    <SFA>
      <FILEPATH>C:\Program Files (x86)\Microsoft DirectX SDK (June 2010)\Include\</FILEPATH>
      <FILENAME>d3dx9math.h</FILENAME>
      <LINE>475</LINE>
      <COLUMN>4</COLUMN>
    </SFA>
    <DEFECTCODE>26495</DEFECTCODE>
    <DESCRIPTION>Variable 'D3DXPLANE::d' is uninitialized. Always initialize a member variable (type.6).</DESCRIPTION>
    <FUNCTION>D3DXPLANE::{ctor}</FUNCTION>
    <DECORATED>??0D3DXPLANE@@QAE@XZ</DECORATED>
    <FUNCLINE>475</FUNCLINE>
    <ADDITIONALINFO>
      <targetSymbol>D3DXPLANE::d</targetSymbol>
    </ADDITIONALINFO>
    <PATH></PATH>
  </DEFECT>
  <DEFECT>
    <SFA>
      <FILEPATH>C:\Program Files (x86)\Microsoft DirectX SDK (June 2010)\Include\</FILEPATH>
      <FILENAME>d3dx9math.h</FILENAME>
      <LINE>516</LINE>
      <COLUMN>4</COLUMN>
    </SFA>
    <DEFECTCODE>26495</DEFECTCODE>
    <DESCRIPTION>Variable 'D3DXCOLOR::b' is uninitialized. Always initialize a member variable (type.6).</DESCRIPTION>
    <FUNCTION>D3DXCOLOR::{ctor}</FUNCTION>
    <DECORATED>??0D3DXCOLOR@@QAE@XZ</DECORATED>
    <FUNCLINE>516</FUNCLINE>
    <ADDITIONALINFO>
      <targetSymbol>D3DXCOLOR::b</targetSymbol>
    </ADDITIONALINFO>
    <PATH></PATH>
  </DEFECT>
  <DEFECT>
    <SFA>
      <FILEPATH>C:\Program Files (x86)\Microsoft DirectX SDK (June 2010)\Include\</FILEPATH>
      <FILENAME>d3dx9math.h</FILENAME>
      <LINE>516</LINE>
      <COLUMN>4</COLUMN>
    </SFA>
    <DEFECTCODE>26495</DEFECTCODE>
    <DESCRIPTION>Variable 'D3DXCOLOR::r' is uninitialized. Always initialize a member variable (type.6).</DESCRIPTION>
    <FUNCTION>D3DXCOLOR::{ctor}</FUNCTION>
    <DECORATED>??0D3DXCOLOR@@QAE@XZ</DECORATED>
    <FUNCLINE>516</FUNCLINE>
    <ADDITIONALINFO>
      <targetSymbol>D3DXCOLOR::r</targetSymbol>
    </ADDITIONALINFO>
    <PATH></PATH>
  </DEFECT>
  <DEFECT>
    <SFA>
      <FILEPATH>C:\Program Files (x86)\Microsoft DirectX SDK (June 2010)\Include\</FILEPATH>
      <FILENAME>d3dx9math.h</FILENAME>
      <LINE>516</LINE>
      <COLUMN>4</COLUMN>
    </SFA>
    <DEFECTCODE>26495</DEFECTCODE>
    <DESCRIPTION>Variable 'D3DXCOLOR::g' is uninitialized. Always initialize a member variable (type.6).</DESCRIPTION>
    <FUNCTION>D3DXCOLOR::{ctor}</FUNCTION>
    <DECORATED>??0D3DXCOLOR@@QAE@XZ</DECORATED>
    <FUNCLINE>516</FUNCLINE>
    <ADDITIONALINFO>
      <targetSymbol>D3DXCOLOR::g</targetSymbol>
    </ADDITIONALINFO>
    <PATH></PATH>
  </DEFECT>
  <DEFECT>
    <SFA>
      <FILEPATH>C:\Program Files (x86)\Microsoft DirectX SDK (June 2010)\Include\</FILEPATH>
      <FILENAME>d3dx9math.h</FILENAME>
      <LINE>516</LINE>
      <COLUMN>4</COLUMN>
    </SFA>
    <DEFECTCODE>26495</DEFECTCODE>
    <DESCRIPTION>Variable 'D3DXCOLOR::a' is uninitialized. Always initialize a member variable (type.6).</DESCRIPTION>
    <FUNCTION>D3DXCOLOR::{ctor}</FUNCTION>
    <DECORATED>??0D3DXCOLOR@@QAE@XZ</DECORATED>
    <FUNCLINE>516</FUNCLINE>
    <ADDITIONALINFO>
      <targetSymbol>D3DXCOLOR::a</targetSymbol>
    </ADDITIONALINFO>
    <PATH></PATH>
  </DEFECT>
  <DEFECT>
    <SFA>
      <FILEPATH>C:\Program Files (x86)\Microsoft DirectX SDK (June 2010)\Include\</FILEPATH>
      <FILENAME>d3dx9math.inl</FILENAME>
      <LINE>26</LINE>
      <COLUMN>13</COLUMN>
    </SFA>
    <DEFECTCODE>26495</DEFECTCODE>
    <DESCRIPTION>Variable 'D3DXFLOAT16::value' is uninitialized. Always initialize a member variable (type.6).</DESCRIPTION>
    <FUNCTION>D3DXFLOAT16::{ctor}</FUNCTION>
    <DECORATED>??0D3DXFLOAT16@@QAE@M@Z</DECORATED>
    <FUNCLINE>26</FUNCLINE>
    <ADDITIONALINFO>
      <targetSymbol>D3DXFLOAT16::value</targetSymbol>
    </ADDITIONALINFO>
    <PATH></PATH>
  </DEFECT>
  <DEFECT>
    <SFA>
      <FILEPATH>C:\Program Files (x86)\Microsoft DirectX SDK (June 2010)\Include\</FILEPATH>
      <FILENAME>d3dx9math.inl</FILENAME>
      <LINE>77</LINE>
      <COLUMN>13</COLUMN>
    </SFA>
    <DEFECTCODE>26495</DEFECTCODE>
    <DESCRIPTION>Variable 'D3DXVECTOR2::y' is uninitialized. Always initialize a member variable (type.6).</DESCRIPTION>
    <FUNCTION>D3DXVECTOR2::{ctor}</FUNCTION>
    <DECORATED>??0D3DXVECTOR2@@QAE@PBUD3DXFLOAT16@@@Z</DECORATED>
    <FUNCLINE>77</FUNCLINE>
    <ADDITIONALINFO>
      <targetSymbol>D3DXVECTOR2::y</targetSymbol>
    </ADDITIONALINFO>
    <PATH></PATH>
  </DEFECT>
  <DEFECT>
    <SFA>
      <FILEPATH>C:\Program Files (x86)\Microsoft DirectX SDK (June 2010)\Include\</FILEPATH>
      <FILENAME>d3dx9math.inl</FILENAME>
      <LINE>517</LINE>
      <COLUMN>13</COLUMN>
    </SFA>
    <DEFECTCODE>26495</DEFECTCODE>
    <DESCRIPTION>Variable 'D3DXVECTOR4::w' is uninitialized. Always initialize a member variable (type.6).</DESCRIPTION>
    <FUNCTION>D3DXVECTOR4::{ctor}</FUNCTION>
    <DECORATED>??0D3DXVECTOR4@@QAE@PBUD3DXFLOAT16@@@Z</DECORATED>
    <FUNCLINE>517</FUNCLINE>
    <ADDITIONALINFO>
      <targetSymbol>D3DXVECTOR4::w</targetSymbol>
    </ADDITIONALINFO>
    <PATH></PATH>
  </DEFECT>
  <DEFECT>
    <SFA>
      <FILEPATH>C:\Program Files (x86)\Microsoft DirectX SDK (June 2010)\Include\</FILEPATH>
      <FILENAME>d3dx9math.inl</FILENAME>
      <LINE>517</LINE>
      <COLUMN>13</COLUMN>
    </SFA>
    <DEFECTCODE>26495</DEFECTCODE>
    <DESCRIPTION>Variable 'D3DXVECTOR4::y' is uninitialized. Always initialize a member variable (type.6).</DESCRIPTION>
    <FUNCTION>D3DXVECTOR4::{ctor}</FUNCTION>
    <DECORATED>??0D3DXVECTOR4@@QAE@PBUD3DXFLOAT16@@@Z</DECORATED>
    <FUNCLINE>517</FUNCLINE>
    <ADDITIONALINFO>
      <targetSymbol>D3DXVECTOR4::y</targetSymbol>
    </ADDITIONALINFO>
    <PATH></PATH>
  </DEFECT>
  <DEFECT>
    <SFA>
      <FILEPATH>C:\Program Files (x86)\Microsoft DirectX SDK (June 2010)\Include\</FILEPATH>
      <FILENAME>d3dx9math.inl</FILENAME>
      <LINE>517</LINE>
      <COLUMN>13</COLUMN>
    </SFA>
    <DEFECTCODE>26495</DEFECTCODE>
    <DESCRIPTION>Variable 'D3DXVECTOR4::z' is uninitialized. Always initialize a member variable (type.6).</DESCRIPTION>
    <FUNCTION>D3DXVECTOR4::{ctor}</FUNCTION>
    <DECORATED>??0D3DXVECTOR4@@QAE@PBUD3DXFLOAT16@@@Z</DECORATED>
    <FUNCLINE>517</FUNCLINE>
    <ADDITIONALINFO>
      <targetSymbol>D3DXVECTOR4::z</targetSymbol>
    </ADDITIONALINFO>
    <PATH></PATH>
  </DEFECT>
  <DEFECT>
    <SFA>
      <FILEPATH>C:\Program Files (x86)\Microsoft DirectX SDK (June 2010)\Include\</FILEPATH>
      <FILENAME>d3dx9math.inl</FILENAME>
      <LINE>1068</LINE>
      <COLUMN>16</COLUMN>
    </SFA>
    <DEFECTCODE>26495</DEFECTCODE>
    <DESCRIPTION>Variable 'D3DXQUATERNION::w' is uninitialized. Always initialize a member variable (type.6).</DESCRIPTION>
    <FUNCTION>D3DXQUATERNION::{ctor}</FUNCTION>
    <DECORATED>??0D3DXQUATERNION@@QAE@PBUD3DXFLOAT16@@@Z</DECORATED>
    <FUNCLINE>1068</FUNCLINE>
    <ADDITIONALINFO>
      <targetSymbol>D3DXQUATERNION::w</targetSymbol>
    </ADDITIONALINFO>
    <PATH></PATH>
  </DEFECT>
  <DEFECT>
    <SFA>
      <FILEPATH>C:\Program Files (x86)\Microsoft DirectX SDK (June 2010)\Include\</FILEPATH>
      <FILENAME>d3dx9math.inl</FILENAME>
      <LINE>1068</LINE>
      <COLUMN>16</COLUMN>
    </SFA>
    <DEFECTCODE>26495</DEFECTCODE>
    <DESCRIPTION>Variable 'D3DXQUATERNION::y' is uninitialized. Always initialize a member variable (type.6).</DESCRIPTION>
    <FUNCTION>D3DXQUATERNION::{ctor}</FUNCTION>
    <DECORATED>??0D3DXQUATERNION@@QAE@PBUD3DXFLOAT16@@@Z</DECORATED>
    <FUNCLINE>1068</FUNCLINE>
    <ADDITIONALINFO>
      <targetSymbol>D3DXQUATERNION::y</targetSymbol>
    </ADDITIONALINFO>
    <PATH></PATH>
  </DEFECT>
  <DEFECT>
    <SFA>
      <FILEPATH>C:\Program Files (x86)\Microsoft DirectX SDK (June 2010)\Include\</FILEPATH>
      <FILENAME>d3dx9math.inl</FILENAME>
      <LINE>1068</LINE>
      <COLUMN>16</COLUMN>
    </SFA>
    <DEFECTCODE>26495</DEFECTCODE>
    <DESCRIPTION>Variable 'D3DXQUATERNION::z' is uninitialized. Always initialize a member variable (type.6).</DESCRIPTION>
    <FUNCTION>D3DXQUATERNION::{ctor}</FUNCTION>
    <DECORATED>??0D3DXQUATERNION@@QAE@PBUD3DXFLOAT16@@@Z</DECORATED>
    <FUNCLINE>1068</FUNCLINE>
    <ADDITIONALINFO>
      <targetSymbol>D3DXQUATERNION::z</targetSymbol>
    </ADDITIONALINFO>
    <PATH></PATH>
  </DEFECT>
  <DEFECT>
    <SFA>
      <FILEPATH>C:\Program Files (x86)\Microsoft DirectX SDK (June 2010)\Include\</FILEPATH>
      <FILENAME>d3dx9math.inl</FILENAME>
      <LINE>1241</LINE>
      <COLUMN>11</COLUMN>
    </SFA>
    <DEFECTCODE>26495</DEFECTCODE>
    <DESCRIPTION>Variable 'D3DXPLANE::c' is uninitialized. Always initialize a member variable (type.6).</DESCRIPTION>
    <FUNCTION>D3DXPLANE::{ctor}</FUNCTION>
    <DECORATED>??0D3DXPLANE@@QAE@PBUD3DXFLOAT16@@@Z</DECORATED>
    <FUNCLINE>1241</FUNCLINE>
    <ADDITIONALINFO>
      <targetSymbol>D3DXPLANE::c</targetSymbol>
    </ADDITIONALINFO>
    <PATH></PATH>
  </DEFECT>
  <DEFECT>
    <SFA>
      <FILEPATH>C:\Program Files (x86)\Microsoft DirectX SDK (June 2010)\Include\</FILEPATH>
      <FILENAME>d3dx9math.inl</FILENAME>
      <LINE>1241</LINE>
      <COLUMN>11</COLUMN>
    </SFA>
    <DEFECTCODE>26495</DEFECTCODE>
    <DESCRIPTION>Variable 'D3DXPLANE::b' is uninitialized. Always initialize a member variable (type.6).</DESCRIPTION>
    <FUNCTION>D3DXPLANE::{ctor}</FUNCTION>
    <DECORATED>??0D3DXPLANE@@QAE@PBUD3DXFLOAT16@@@Z</DECORATED>
    <FUNCLINE>1241</FUNCLINE>
    <ADDITIONALINFO>
      <targetSymbol>D3DXPLANE::b</targetSymbol>
    </ADDITIONALINFO>
    <PATH></PATH>
  </DEFECT>
  <DEFECT>
    <SFA>
      <FILEPATH>C:\Program Files (x86)\Microsoft DirectX SDK (June 2010)\Include\</FILEPATH>
      <FILENAME>d3dx9math.inl</FILENAME>
      <LINE>1241</LINE>
      <COLUMN>11</COLUMN>
    </SFA>
    <DEFECTCODE>26495</DEFECTCODE>
    <DESCRIPTION>Variable 'D3DXPLANE::d' is uninitialized. Always initialize a member variable (type.6).</DESCRIPTION>
    <FUNCTION>D3DXPLANE::{ctor}</FUNCTION>
    <DECORATED>??0D3DXPLANE@@QAE@PBUD3DXFLOAT16@@@Z</DECORATED>
    <FUNCLINE>1241</FUNCLINE>
    <ADDITIONALINFO>
      <targetSymbol>D3DXPLANE::d</targetSymbol>
    </ADDITIONALINFO>
    <PATH></PATH>
  </DEFECT>
  <DEFECT>
    <SFA>
      <FILEPATH>C:\Program Files (x86)\Microsoft DirectX SDK (June 2010)\Include\</FILEPATH>
      <FILENAME>d3dx9math.inl</FILENAME>
      <LINE>1376</LINE>
      <COLUMN>11</COLUMN>
    </SFA>
    <DEFECTCODE>26495</DEFECTCODE>
    <DESCRIPTION>Variable 'D3DXCOLOR::b' is uninitialized. Always initialize a member variable (type.6).</DESCRIPTION>
    <FUNCTION>D3DXCOLOR::{ctor}</FUNCTION>
    <DECORATED>??0D3DXCOLOR@@QAE@PBUD3DXFLOAT16@@@Z</DECORATED>
    <FUNCLINE>1376</FUNCLINE>
    <ADDITIONALINFO>
      <targetSymbol>D3DXCOLOR::b</targetSymbol>
    </ADDITIONALINFO>
    <PATH></PATH>
  </DEFECT>
  <DEFECT>
    <SFA>
      <FILEPATH>C:\Program Files (x86)\Microsoft DirectX SDK (June 2010)\Include\</FILEPATH>
      <FILENAME>d3dx9math.inl</FILENAME>
      <LINE>1376</LINE>
      <COLUMN>11</COLUMN>
    </SFA>
    <DEFECTCODE>26495</DEFECTCODE>
    <DESCRIPTION>Variable 'D3DXCOLOR::g' is uninitialized. Always initialize a member variable (type.6).</DESCRIPTION>
    <FUNCTION>D3DXCOLOR::{ctor}</FUNCTION>
    <DECORATED>??0D3DXCOLOR@@QAE@PBUD3DXFLOAT16@@@Z</DECORATED>
    <FUNCLINE>1376</FUNCLINE>
    <ADDITIONALINFO>
      <targetSymbol>D3DXCOLOR::g</targetSymbol>
    </ADDITIONALINFO>
    <PATH></PATH>
  </DEFECT>
  <DEFECT>
    <SFA>
      <FILEPATH>C:\Program Files (x86)\Microsoft DirectX SDK (June 2010)\Include\</FILEPATH>
      <FILENAME>d3dx9math.inl</FILENAME>
      <LINE>1376</LINE>
      <COLUMN>11</COLUMN>
    </SFA>
    <DEFECTCODE>26495</DEFECTCODE>
    <DESCRIPTION>Variable 'D3DXCOLOR::a' is uninitialized. Always initialize a member variable (type.6).</DESCRIPTION>
    <FUNCTION>D3DXCOLOR::{ctor}</FUNCTION>
    <DECORATED>??0D3DXCOLOR@@QAE@PBUD3DXFLOAT16@@@Z</DECORATED>
    <FUNCLINE>1376</FUNCLINE>
    <ADDITIONALINFO>
      <targetSymbol>D3DXCOLOR::a</targetSymbol>
    </ADDITIONALINFO>
    <PATH></PATH>
  </DEFECT>
  <DEFECT>
    <SFA>
      <FILEPATH>C:\Users\JHPark\Desktop\김재우\git\DirectX_terrain\DirectX_terrain\</FILEPATH>
      <FILENAME>QuadTree.cpp</FILENAME>
      <LINE>5</LINE>
      <COLUMN>10</COLUMN>
    </SFA>
    <DEFECTCODE>26495</DEFECTCODE>
    <DESCRIPTION>Variable 'QuadTree::m_pNeighbor' is uninitialized. Always initialize a member variable (type.6).</DESCRIPTION>
    <FUNCTION>QuadTree::{ctor}</FUNCTION>
    <DECORATED>??0QuadTree@@QAE@HH@Z</DECORATED>
    <FUNCLINE>5</FUNCLINE>
    <ADDITIONALINFO>
      <targetSymbol>QuadTree::m_pNeighbor</targetSymbol>
    </ADDITIONALINFO>
    <PATH></PATH>
  </DEFECT>
  <DEFECT>
    <SFA>
      <FILEPATH>C:\Users\JHPark\Desktop\김재우\git\DirectX_terrain\DirectX_terrain\</FILEPATH>
      <FILENAME>QuadTree.cpp</FILENAME>
      <LINE>5</LINE>
      <COLUMN>10</COLUMN>
    </SFA>
    <DEFECTCODE>26495</DEFECTCODE>
    <DESCRIPTION>Variable 'QuadTree::m_pChild' is uninitialized. Always initialize a member variable (type.6).</DESCRIPTION>
    <FUNCTION>QuadTree::{ctor}</FUNCTION>
    <DECORATED>??0QuadTree@@QAE@HH@Z</DECORATED>
    <FUNCLINE>5</FUNCLINE>
    <ADDITIONALINFO>
      <targetSymbol>QuadTree::m_pChild</targetSymbol>
    </ADDITIONALINFO>
    <PATH></PATH>
  </DEFECT>
  <DEFECT>
    <SFA>
      <FILEPATH>C:\Users\JHPark\Desktop\김재우\git\DirectX_terrain\DirectX_terrain\</FILEPATH>
      <FILENAME>QuadTree.cpp</FILENAME>
      <LINE>153</LINE>
      <COLUMN>6</COLUMN>
    </SFA>
    <DEFECTCODE>6001</DEFECTCODE>
    <DESCRIPTION>초기화되지 않은 메모리 'b'을(를) 사용하고 있습니다.</DESCRIPTION>
    <FUNCTION>QuadTree::_GenTriIndex</FUNCTION>
    <DECORATED>?_GenTriIndex@QuadTree@@AAEHHPAXPAUTERRAIN_VTX@@PAVFrustum@@M@Z</DECORATED>
    <FUNCLINE>107</FUNCLINE>
    <PROBABILITY>1</PROBABILITY>
    <RANK>3</RANK>
    <CATEGORY>
      <RULECATEGORY>mspft</RULECATEGORY>
    </CATEGORY>
    <PATH>
      <SFA>
        <FILEPATH>C:\Users\JHPark\Desktop\김재우\git\DirectX_terrain\DirectX_terrain\</FILEPATH>
        <FILENAME>QuadTree.cpp</FILENAME>
        <LINE>110</LINE>
        <COLUMN>19</COLUMN>
      </SFA>
      <SFA>
        <FILEPATH>C:\Users\JHPark\Desktop\김재우\git\DirectX_terrain\DirectX_terrain\</FILEPATH>
        <FILENAME>QuadTree.cpp</FILENAME>
        <LINE>112</LINE>
        <COLUMN>5</COLUMN>
      </SFA>
      <SFA>
        <FILEPATH>C:\Users\JHPark\Desktop\김재우\git\DirectX_terrain\DirectX_terrain\</FILEPATH>
        <FILENAME>QuadTree.cpp</FILENAME>
        <LINE>121</LINE>
        <COLUMN>15</COLUMN>
      </SFA>
      <SFA>
        <FILEPATH>C:\Users\JHPark\Desktop\김재우\git\DirectX_terrain\DirectX_terrain\</FILEPATH>
        <FILENAME>QuadTree.cpp</FILENAME>
        <LINE>123</LINE>
        <COLUMN>16</COLUMN>
      </SFA>
      <SFA>
        <FILEPATH>C:\Users\JHPark\Desktop\김재우\git\DirectX_terrain\DirectX_terrain\</FILEPATH>
        <FILENAME>QuadTree.cpp</FILENAME>
        <LINE>126</LINE>
        <COLUMN>50</COLUMN>
      </SFA>
      <SFA>
        <FILEPATH>C:\Users\JHPark\Desktop\김재우\git\DirectX_terrain\DirectX_terrain\</FILEPATH>
        <FILENAME>QuadTree.cpp</FILENAME>
        <LINE>141</LINE>
        <COLUMN>7</COLUMN>
        <KEYEVENT>
          <ID>1</ID>
          <KIND>선언</KIND>
          <IMPORTANCE>Essential</IMPORTANCE>
          <MESSAGE>'b'이(가) 초기화되지 않았습니다.</MESSAGE>
        </KEYEVENT>
      </SFA>
      <SFA>
        <FILEPATH>C:\Users\JHPark\Desktop\김재우\git\DirectX_terrain\DirectX_terrain\</FILEPATH>
        <FILENAME>QuadTree.cpp</FILENAME>
        <LINE>143</LINE>
        <COLUMN>25</COLUMN>
        <KEYEVENT>
          <ID>2</ID>
          <KIND>분기</KIND>
          <IMPORTANCE>Full</IMPORTANCE>
          <MESSAGE>이 분기 건너뛰기, ('this-&gt;m_pNeighbor[EDGE_UP]'이(가) false라고 가정)</MESSAGE>
        </KEYEVENT>
      </SFA>
      <SFA>
        <FILEPATH>C:\Users\JHPark\Desktop\김재우\git\DirectX_terrain\DirectX_terrain\</FILEPATH>
        <FILENAME>QuadTree.cpp</FILENAME>
        <LINE>145</LINE>
        <COLUMN>25</COLUMN>
        <KEYEVENT>
          <ID>3</ID>
          <KIND>분기</KIND>
          <IMPORTANCE>Full</IMPORTANCE>
          <MESSAGE>이 분기 건너뛰기, ('this-&gt;m_pNeighbor[EDGE_DN]'이(가) false라고 가정)</MESSAGE>
        </KEYEVENT>
      </SFA>
      <SFA>
        <FILEPATH>C:\Users\JHPark\Desktop\김재우\git\DirectX_terrain\DirectX_terrain\</FILEPATH>
        <FILENAME>QuadTree.cpp</FILENAME>
        <LINE>147</LINE>
        <COLUMN>25</COLUMN>
        <KEYEVENT>
          <ID>4</ID>
          <KIND>분기</KIND>
          <IMPORTANCE>Full</IMPORTANCE>
          <MESSAGE>이 분기 건너뛰기, ('this-&gt;m_pNeighbor[EDGE_LT]'이(가) false라고 가정)</MESSAGE>
        </KEYEVENT>
      </SFA>
      <SFA>
        <FILEPATH>C:\Users\JHPark\Desktop\김재우\git\DirectX_terrain\DirectX_terrain\</FILEPATH>
        <FILENAME>QuadTree.cpp</FILENAME>
        <LINE>149</LINE>
        <COLUMN>25</COLUMN>
        <KEYEVENT>
          <ID>5</ID>
          <KIND>분기</KIND>
          <IMPORTANCE>Full</IMPORTANCE>
          <MESSAGE>이 분기 건너뛰기, ('this-&gt;m_pNeighbor[EDGE_RT]'이(가) false라고 가정)</MESSAGE>
        </KEYEVENT>
      </SFA>
      <SFA>
        <FILEPATH>C:\Users\JHPark\Desktop\김재우\git\DirectX_terrain\DirectX_terrain\</FILEPATH>
        <FILENAME>QuadTree.cpp</FILENAME>
        <LINE>153</LINE>
        <COLUMN>45</COLUMN>
      </SFA>
      <SFA>
        <FILEPATH>C:\Users\JHPark\Desktop\김재우\git\DirectX_terrain\DirectX_terrain\</FILEPATH>
        <FILENAME>QuadTree.cpp</FILENAME>
        <LINE>153</LINE>
        <COLUMN>6</COLUMN>
        <KEYEVENT>
          <ID>6</ID>
          <KIND>사용법</KIND>
          <IMPORTANCE>Essential</IMPORTANCE>
          <MESSAGE>'b'이(가) 사용되는데 초기화되지 않았을 수 있습니다.</MESSAGE>
        </KEYEVENT>
      </SFA>
    </PATH>
  </DEFECT>
</DEFECTS>