﻿<?xml version="1.0" encoding="utf-8"?><DEFECTS><DEFECT>
    <SFA>
      <FILEPATH>C:\Program Files (x86)\Microsoft DirectX SDK (June 2010)\Include\</FILEPATH>
      <FILENAME>d3dx9math.h</FILENAME>
      <LINE>59</LINE>
      <COLUMN>4</COLUMN>
    </SFA>
    <DEFECTCODE>26495</DEFECTCODE>
    <DESCRIPTION>Variable 'D3DXFLOAT16::value' is uninitialized. Always initialize a member variable (type.6).</DESCRIPTION>
    <FUNCTION>D3DXFLOAT16::{ctor}</FUNCTION>
    <DECORATED>??0D3DXFLOAT16@@QAE@XZ</DECORATED>
    <FUNCLINE>59</FUNCLINE>
    <ADDITIONALINFO>
      <targetSymbol>D3DXFLOAT16::value</targetSymbol>
    </ADDITIONALINFO>
    <PATH></PATH>
  </DEFECT><DEFECT>
    <SFA>
      <FILEPATH>C:\Program Files (x86)\Microsoft DirectX SDK (June 2010)\Include\</FILEPATH>
      <FILENAME>d3dx9math.h</FILENAME>
      <LINE>91</LINE>
      <COLUMN>4</COLUMN>
    </SFA>
    <DEFECTCODE>26495</DEFECTCODE>
    <DESCRIPTION>Variable 'D3DXVECTOR2::y' is uninitialized. Always initialize a member variable (type.6).</DESCRIPTION>
    <FUNCTION>D3DXVECTOR2::{ctor}</FUNCTION>
    <DECORATED>??0D3DXVECTOR2@@QAE@XZ</DECORATED>
    <FUNCLINE>91</FUNCLINE>
    <ADDITIONALINFO>
      <targetSymbol>D3DXVECTOR2::y</targetSymbol>
    </ADDITIONALINFO>
    <PATH></PATH>
  </DEFECT><DEFECT>
    <SFA>
      <FILEPATH>C:\Program Files (x86)\Microsoft DirectX SDK (June 2010)\Include\</FILEPATH>
      <FILENAME>d3dx9math.h</FILENAME>
      <LINE>240</LINE>
      <COLUMN>4</COLUMN>
    </SFA>
    <DEFECTCODE>26495</DEFECTCODE>
    <DESCRIPTION>Variable 'D3DXVECTOR4::w' is uninitialized. Always initialize a member variable (type.6).</DESCRIPTION>
    <FUNCTION>D3DXVECTOR4::{ctor}</FUNCTION>
    <DECORATED>??0D3DXVECTOR4@@QAE@XZ</DECORATED>
    <FUNCLINE>240</FUNCLINE>
    <ADDITIONALINFO>
      <targetSymbol>D3DXVECTOR4::w</targetSymbol>
    </ADDITIONALINFO>
    <PATH></PATH>
  </DEFECT><DEFECT>
    <SFA>
      <FILEPATH>C:\Program Files (x86)\Microsoft DirectX SDK (June 2010)\Include\</FILEPATH>
      <FILENAME>d3dx9math.h</FILENAME>
      <LINE>429</LINE>
      <COLUMN>4</COLUMN>
    </SFA>
    <DEFECTCODE>26495</DEFECTCODE>
    <DESCRIPTION>Variable 'D3DXQUATERNION::w' is uninitialized. Always initialize a member variable (type.6).</DESCRIPTION>
    <FUNCTION>D3DXQUATERNION::{ctor}</FUNCTION>
    <DECORATED>??0D3DXQUATERNION@@QAE@XZ</DECORATED>
    <FUNCLINE>429</FUNCLINE>
    <ADDITIONALINFO>
      <targetSymbol>D3DXQUATERNION::w</targetSymbol>
    </ADDITIONALINFO>
    <PATH></PATH>
  </DEFECT><DEFECT>
    <SFA>
      <FILEPATH>C:\Program Files (x86)\Microsoft DirectX SDK (June 2010)\Include\</FILEPATH>
      <FILENAME>d3dx9math.h</FILENAME>
      <LINE>475</LINE>
      <COLUMN>4</COLUMN>
    </SFA>
    <DEFECTCODE>26495</DEFECTCODE>
    <DESCRIPTION>Variable 'D3DXPLANE::a' is uninitialized. Always initialize a member variable (type.6).</DESCRIPTION>
    <FUNCTION>D3DXPLANE::{ctor}</FUNCTION>
    <DECORATED>??0D3DXPLANE@@QAE@XZ</DECORATED>
    <FUNCLINE>475</FUNCLINE>
    <ADDITIONALINFO>
      <targetSymbol>D3DXPLANE::a</targetSymbol>
    </ADDITIONALINFO>
    <PATH></PATH>
  </DEFECT><DEFECT>
    <SFA>
      <FILEPATH>C:\Program Files (x86)\Microsoft DirectX SDK (June 2010)\Include\</FILEPATH>
      <FILENAME>d3dx9math.h</FILENAME>
      <LINE>516</LINE>
      <COLUMN>4</COLUMN>
    </SFA>
    <DEFECTCODE>26495</DEFECTCODE>
    <DESCRIPTION>Variable 'D3DXCOLOR::b' is uninitialized. Always initialize a member variable (type.6).</DESCRIPTION>
    <FUNCTION>D3DXCOLOR::{ctor}</FUNCTION>
    <DECORATED>??0D3DXCOLOR@@QAE@XZ</DECORATED>
    <FUNCLINE>516</FUNCLINE>
    <ADDITIONALINFO>
      <targetSymbol>D3DXCOLOR::b</targetSymbol>
    </ADDITIONALINFO>
    <PATH></PATH>
  </DEFECT><DEFECT>
    <SFA>
      <FILEPATH>C:\Program Files (x86)\Microsoft DirectX SDK (June 2010)\Include\</FILEPATH>
      <FILENAME>d3dx9math.inl</FILENAME>
      <LINE>26</LINE>
      <COLUMN>13</COLUMN>
    </SFA>
    <DEFECTCODE>26495</DEFECTCODE>
    <DESCRIPTION>Variable 'D3DXFLOAT16::value' is uninitialized. Always initialize a member variable (type.6).</DESCRIPTION>
    <FUNCTION>D3DXFLOAT16::{ctor}</FUNCTION>
    <DECORATED>??0D3DXFLOAT16@@QAE@M@Z</DECORATED>
    <FUNCLINE>26</FUNCLINE>
    <ADDITIONALINFO>
      <targetSymbol>D3DXFLOAT16::value</targetSymbol>
    </ADDITIONALINFO>
    <PATH></PATH>
  </DEFECT><DEFECT>
    <SFA>
      <FILEPATH>C:\Program Files (x86)\Microsoft DirectX SDK (June 2010)\Include\</FILEPATH>
      <FILENAME>d3dx9math.inl</FILENAME>
      <LINE>77</LINE>
      <COLUMN>13</COLUMN>
    </SFA>
    <DEFECTCODE>26495</DEFECTCODE>
    <DESCRIPTION>Variable 'D3DXVECTOR2::y' is uninitialized. Always initialize a member variable (type.6).</DESCRIPTION>
    <FUNCTION>D3DXVECTOR2::{ctor}</FUNCTION>
    <DECORATED>??0D3DXVECTOR2@@QAE@PBUD3DXFLOAT16@@@Z</DECORATED>
    <FUNCLINE>77</FUNCLINE>
    <ADDITIONALINFO>
      <targetSymbol>D3DXVECTOR2::y</targetSymbol>
    </ADDITIONALINFO>
    <PATH></PATH>
  </DEFECT><DEFECT>
    <SFA>
      <FILEPATH>C:\Program Files (x86)\Microsoft DirectX SDK (June 2010)\Include\</FILEPATH>
      <FILENAME>d3dx9math.inl</FILENAME>
      <LINE>517</LINE>
      <COLUMN>13</COLUMN>
    </SFA>
    <DEFECTCODE>26495</DEFECTCODE>
    <DESCRIPTION>Variable 'D3DXVECTOR4::w' is uninitialized. Always initialize a member variable (type.6).</DESCRIPTION>
    <FUNCTION>D3DXVECTOR4::{ctor}</FUNCTION>
    <DECORATED>??0D3DXVECTOR4@@QAE@PBUD3DXFLOAT16@@@Z</DECORATED>
    <FUNCLINE>517</FUNCLINE>
    <ADDITIONALINFO>
      <targetSymbol>D3DXVECTOR4::w</targetSymbol>
    </ADDITIONALINFO>
    <PATH></PATH>
  </DEFECT><DEFECT>
    <SFA>
      <FILEPATH>C:\Program Files (x86)\Microsoft DirectX SDK (June 2010)\Include\</FILEPATH>
      <FILENAME>d3dx9math.inl</FILENAME>
      <LINE>1068</LINE>
      <COLUMN>16</COLUMN>
    </SFA>
    <DEFECTCODE>26495</DEFECTCODE>
    <DESCRIPTION>Variable 'D3DXQUATERNION::w' is uninitialized. Always initialize a member variable (type.6).</DESCRIPTION>
    <FUNCTION>D3DXQUATERNION::{ctor}</FUNCTION>
    <DECORATED>??0D3DXQUATERNION@@QAE@PBUD3DXFLOAT16@@@Z</DECORATED>
    <FUNCLINE>1068</FUNCLINE>
    <ADDITIONALINFO>
      <targetSymbol>D3DXQUATERNION::w</targetSymbol>
    </ADDITIONALINFO>
    <PATH></PATH>
  </DEFECT><DEFECT>
    <SFA>
      <FILEPATH>C:\Program Files (x86)\Microsoft DirectX SDK (June 2010)\Include\</FILEPATH>
      <FILENAME>d3dx9math.inl</FILENAME>
      <LINE>1241</LINE>
      <COLUMN>11</COLUMN>
    </SFA>
    <DEFECTCODE>26495</DEFECTCODE>
    <DESCRIPTION>Variable 'D3DXPLANE::c' is uninitialized. Always initialize a member variable (type.6).</DESCRIPTION>
    <FUNCTION>D3DXPLANE::{ctor}</FUNCTION>
    <DECORATED>??0D3DXPLANE@@QAE@PBUD3DXFLOAT16@@@Z</DECORATED>
    <FUNCLINE>1241</FUNCLINE>
    <ADDITIONALINFO>
      <targetSymbol>D3DXPLANE::c</targetSymbol>
    </ADDITIONALINFO>
    <PATH></PATH>
  </DEFECT><DEFECT>
    <SFA>
      <FILEPATH>C:\Program Files (x86)\Microsoft DirectX SDK (June 2010)\Include\</FILEPATH>
      <FILENAME>d3dx9math.inl</FILENAME>
      <LINE>1376</LINE>
      <COLUMN>11</COLUMN>
    </SFA>
    <DEFECTCODE>26495</DEFECTCODE>
    <DESCRIPTION>Variable 'D3DXCOLOR::b' is uninitialized. Always initialize a member variable (type.6).</DESCRIPTION>
    <FUNCTION>D3DXCOLOR::{ctor}</FUNCTION>
    <DECORATED>??0D3DXCOLOR@@QAE@PBUD3DXFLOAT16@@@Z</DECORATED>
    <FUNCLINE>1376</FUNCLINE>
    <ADDITIONALINFO>
      <targetSymbol>D3DXCOLOR::b</targetSymbol>
    </ADDITIONALINFO>
    <PATH></PATH>
  </DEFECT><DEFECT>
    <SFA>
      <FILEPATH>C:\Users\JHPark\Desktop\김재우\git\DirectX_terrain\DirectX_terrain\</FILEPATH>
      <FILENAME>Cam.h</FILENAME>
      <LINE>43</LINE>
      <COLUMN>0</COLUMN>
    </SFA>
    <DEFECTCODE>26495</DEFECTCODE>
    <DESCRIPTION>Variable 'Cam::m_device' is uninitialized. Always initialize a member variable (type.6).</DESCRIPTION>
    <FUNCTION>Cam::{ctor}</FUNCTION>
    <DECORATED>??0Cam@@QAE@XZ</DECORATED>
    <FUNCLINE>43</FUNCLINE>
    <ADDITIONALINFO>
      <targetSymbol>Cam::m_device</targetSymbol>
    </ADDITIONALINFO>
    <PATH></PATH>
  </DEFECT><DEFECT>
    <SFA>
      <FILEPATH>C:\Users\JHPark\Desktop\김재우\git\DirectX_terrain\DirectX_terrain\</FILEPATH>
      <FILENAME>Dib.cpp</FILENAME>
      <LINE>30</LINE>
      <COLUMN>7</COLUMN>
    </SFA>
    <DEFECTCODE>28183</DEFECTCODE>
    <DESCRIPTION>'hDib'이(가) '0'일 수 있으며 'GlobalAlloc()`29'에 있는 값의 복사본입니다.  이 경우 'GlobalLock' 함수의 사양과 일치하지 않습니다. </DESCRIPTION>
    <FUNCTION>DibLoadHandle</FUNCTION>
    <DECORATED>?DibLoadHandle@@YAPAEPAD@Z</DECORATED>
    <FUNCLINE>17</FUNCLINE>
    <PATH>
      <SFA>
        <FILEPATH>c:\users\jhpark\desktop\김재우\git\directx_terrain\directx_terrain\</FILEPATH>
        <FILENAME>dib.cpp</FILENAME>
        <LINE>19</LINE>
        <COLUMN>10</COLUMN>
      </SFA>
      <SFA>
        <FILEPATH>c:\users\jhpark\desktop\김재우\git\directx_terrain\directx_terrain\</FILEPATH>
        <FILENAME>dib.cpp</FILENAME>
        <LINE>20</LINE>
        <COLUMN>18</COLUMN>
      </SFA>
      <SFA>
        <FILEPATH>c:\users\jhpark\desktop\김재우\git\directx_terrain\directx_terrain\</FILEPATH>
        <FILENAME>dib.cpp</FILENAME>
        <LINE>21</LINE>
        <COLUMN>12</COLUMN>
      </SFA>
      <SFA>
        <FILEPATH>c:\users\jhpark\desktop\김재우\git\directx_terrain\directx_terrain\</FILEPATH>
        <FILENAME>dib.cpp</FILENAME>
        <LINE>22</LINE>
        <COLUMN>11</COLUMN>
      </SFA>
      <SFA>
        <FILEPATH>c:\users\jhpark\desktop\김재우\git\directx_terrain\directx_terrain\</FILEPATH>
        <FILENAME>dib.cpp</FILENAME>
        <LINE>23</LINE>
        <COLUMN>9</COLUMN>
      </SFA>
      <SFA>
        <FILEPATH>c:\users\jhpark\desktop\김재우\git\directx_terrain\directx_terrain\</FILEPATH>
        <FILENAME>dib.cpp</FILENAME>
        <LINE>25</LINE>
        <COLUMN>6</COLUMN>
      </SFA>
      <SFA>
        <FILEPATH>c:\users\jhpark\desktop\김재우\git\directx_terrain\directx_terrain\</FILEPATH>
        <FILENAME>dib.cpp</FILENAME>
        <LINE>27</LINE>
        <COLUMN>6</COLUMN>
      </SFA>
      <SFA>
        <FILEPATH>c:\users\jhpark\desktop\김재우\git\directx_terrain\directx_terrain\</FILEPATH>
        <FILENAME>dib.cpp</FILENAME>
        <LINE>28</LINE>
        <COLUMN>7</COLUMN>
      </SFA>
      <SFA>
        <FILEPATH>c:\users\jhpark\desktop\김재우\git\directx_terrain\directx_terrain\</FILEPATH>
        <FILENAME>dib.cpp</FILENAME>
        <LINE>29</LINE>
        <COLUMN>6</COLUMN>
      </SFA>
      <SFA>
        <FILEPATH>c:\users\jhpark\desktop\김재우\git\directx_terrain\directx_terrain\</FILEPATH>
        <FILENAME>dib.cpp</FILENAME>
        <LINE>30</LINE>
        <COLUMN>7</COLUMN>
      </SFA>
    </PATH>
  </DEFECT><DEFECT>
    <SFA>
      <FILEPATH>C:\Users\JHPark\Desktop\김재우\git\DirectX_terrain\DirectX_terrain\</FILEPATH>
      <FILENAME>Dib.cpp</FILENAME>
      <LINE>116</LINE>
      <COLUMN>7</COLUMN>
    </SFA>
    <DEFECTCODE>28183</DEFECTCODE>
    <DESCRIPTION>'hDib'이(가) '0'일 수 있으며 'GlobalAlloc()`115'에 있는 값의 복사본입니다.  이 경우 'GlobalLock' 함수의 사양과 일치하지 않습니다. </DESCRIPTION>
    <FUNCTION>DibCreateEmptyHandle</FUNCTION>
    <DECORATED>?DibCreateEmptyHandle@@YAPAEHHH@Z</DECORATED>
    <FUNCLINE>105</FUNCLINE>
    <PATH>
      <SFA>
        <FILEPATH>c:\users\jhpark\desktop\김재우\git\directx_terrain\directx_terrain\</FILEPATH>
        <FILENAME>dib.cpp</FILENAME>
        <LINE>107</LINE>
        <COLUMN>20</COLUMN>
      </SFA>
      <SFA>
        <FILEPATH>c:\users\jhpark\desktop\김재우\git\directx_terrain\directx_terrain\</FILEPATH>
        <FILENAME>dib.cpp</FILENAME>
        <LINE>108</LINE>
        <COLUMN>9</COLUMN>
      </SFA>
      <SFA>
        <FILEPATH>c:\users\jhpark\desktop\김재우\git\directx_terrain\directx_terrain\</FILEPATH>
        <FILENAME>dib.cpp</FILENAME>
        <LINE>109</LINE>
        <COLUMN>8</COLUMN>
      </SFA>
      <SFA>
        <FILEPATH>c:\users\jhpark\desktop\김재우\git\directx_terrain\directx_terrain\</FILEPATH>
        <FILENAME>dib.cpp</FILENAME>
        <LINE>110</LINE>
        <COLUMN>6</COLUMN>
      </SFA>
      <SFA>
        <FILEPATH>c:\users\jhpark\desktop\김재우\git\directx_terrain\directx_terrain\</FILEPATH>
        <FILENAME>dib.cpp</FILENAME>
        <LINE>111</LINE>
        <COLUMN>6</COLUMN>
      </SFA>
      <SFA>
        <FILEPATH>c:\users\jhpark\desktop\김재우\git\directx_terrain\directx_terrain\</FILEPATH>
        <FILENAME>dib.cpp</FILENAME>
        <LINE>112</LINE>
        <COLUMN>6</COLUMN>
      </SFA>
      <SFA>
        <FILEPATH>c:\users\jhpark\desktop\김재우\git\directx_terrain\directx_terrain\</FILEPATH>
        <FILENAME>dib.cpp</FILENAME>
        <LINE>113</LINE>
        <COLUMN>7</COLUMN>
      </SFA>
      <SFA>
        <FILEPATH>c:\users\jhpark\desktop\김재우\git\directx_terrain\directx_terrain\</FILEPATH>
        <FILENAME>dib.cpp</FILENAME>
        <LINE>115</LINE>
        <COLUMN>6</COLUMN>
      </SFA>
      <SFA>
        <FILEPATH>c:\users\jhpark\desktop\김재우\git\directx_terrain\directx_terrain\</FILEPATH>
        <FILENAME>dib.cpp</FILENAME>
        <LINE>116</LINE>
        <COLUMN>7</COLUMN>
      </SFA>
    </PATH>
  </DEFECT><DEFECT>
    <SFA>
      <FILEPATH>C:\Users\JHPark\Desktop\김재우\git\DirectX_terrain\DirectX_terrain\</FILEPATH>
      <FILENAME>Dib.cpp</FILENAME>
      <LINE>139</LINE>
      <COLUMN>33</COLUMN>
    </SFA>
    <DEFECTCODE>6011</DEFECTCODE>
    <DESCRIPTION>NULL 포인터 'lpDib'을(를) 역참조하고 있습니다. 이 오류가 발생할 수 있는 이전 위치는 줄 117을(를) 참조하십시오.</DESCRIPTION>
    <FUNCTION>DibCreateEmptyHandle</FUNCTION>
    <DECORATED>?DibCreateEmptyHandle@@YAPAEHHH@Z</DECORATED>
    <FUNCLINE>105</FUNCLINE>
    <PROBABILITY>1</PROBABILITY>
    <RANK>4</RANK>
    <CATEGORY>
      <RULECATEGORY>mspft</RULECATEGORY>
    </CATEGORY>
    <PATH>
      <SFA>
        <FILEPATH>C:\Users\JHPark\Desktop\김재우\git\DirectX_terrain\DirectX_terrain\</FILEPATH>
        <FILENAME>Dib.cpp</FILENAME>
        <LINE>107</LINE>
        <COLUMN>20</COLUMN>
      </SFA>
      <SFA>
        <FILEPATH>C:\Users\JHPark\Desktop\김재우\git\DirectX_terrain\DirectX_terrain\</FILEPATH>
        <FILENAME>Dib.cpp</FILENAME>
        <LINE>108</LINE>
        <COLUMN>9</COLUMN>
      </SFA>
      <SFA>
        <FILEPATH>C:\Users\JHPark\Desktop\김재우\git\DirectX_terrain\DirectX_terrain\</FILEPATH>
        <FILENAME>Dib.cpp</FILENAME>
        <LINE>109</LINE>
        <COLUMN>8</COLUMN>
      </SFA>
      <SFA>
        <FILEPATH>C:\Users\JHPark\Desktop\김재우\git\DirectX_terrain\DirectX_terrain\</FILEPATH>
        <FILENAME>Dib.cpp</FILENAME>
        <LINE>110</LINE>
        <COLUMN>6</COLUMN>
      </SFA>
      <SFA>
        <FILEPATH>C:\Users\JHPark\Desktop\김재우\git\DirectX_terrain\DirectX_terrain\</FILEPATH>
        <FILENAME>Dib.cpp</FILENAME>
        <LINE>111</LINE>
        <COLUMN>6</COLUMN>
      </SFA>
      <SFA>
        <FILEPATH>C:\Users\JHPark\Desktop\김재우\git\DirectX_terrain\DirectX_terrain\</FILEPATH>
        <FILENAME>Dib.cpp</FILENAME>
        <LINE>112</LINE>
        <COLUMN>6</COLUMN>
      </SFA>
      <SFA>
        <FILEPATH>C:\Users\JHPark\Desktop\김재우\git\DirectX_terrain\DirectX_terrain\</FILEPATH>
        <FILENAME>Dib.cpp</FILENAME>
        <LINE>113</LINE>
        <COLUMN>7</COLUMN>
      </SFA>
      <SFA>
        <FILEPATH>C:\Users\JHPark\Desktop\김재우\git\DirectX_terrain\DirectX_terrain\</FILEPATH>
        <FILENAME>Dib.cpp</FILENAME>
        <LINE>115</LINE>
        <COLUMN>6</COLUMN>
      </SFA>
      <SFA>
        <FILEPATH>C:\Users\JHPark\Desktop\김재우\git\DirectX_terrain\DirectX_terrain\</FILEPATH>
        <FILENAME>Dib.cpp</FILENAME>
        <LINE>116</LINE>
        <COLUMN>7</COLUMN>
        <KEYEVENT>
          <ID>1</ID>
          <KIND>선언</KIND>
          <IMPORTANCE>Essential</IMPORTANCE>
          <MESSAGE>'lpDib'은(는) NULL일 수 있습니다.</MESSAGE>
        </KEYEVENT>
      </SFA>
      <SFA>
        <FILEPATH>C:\Users\JHPark\Desktop\김재우\git\DirectX_terrain\DirectX_terrain\</FILEPATH>
        <FILENAME>Dib.cpp</FILENAME>
        <LINE>117</LINE>
        <COLUMN>7</COLUMN>
        <KEYEVENT>
          <ID>2</ID>
          <KIND>선언</KIND>
          <IMPORTANCE>Full</IMPORTANCE>
          <MESSAGE>'lpDib'은(는) 'memset'(c:\program files (x86)\microsoft visual studio\2019\community\vc\tools\msvc\14.21.27702\include\vcruntime_string.h:60에서 선언됨)에 대한 In/Out 인수입니다.</MESSAGE>
        </KEYEVENT>
      </SFA>
      <SFA>
        <FILEPATH>C:\Users\JHPark\Desktop\김재우\git\DirectX_terrain\DirectX_terrain\</FILEPATH>
        <FILENAME>Dib.cpp</FILENAME>
        <LINE>118</LINE>
        <COLUMN>8</COLUMN>
      </SFA>
      <SFA>
        <FILEPATH>C:\Users\JHPark\Desktop\김재우\git\DirectX_terrain\DirectX_terrain\</FILEPATH>
        <FILENAME>Dib.cpp</FILENAME>
        <LINE>119</LINE>
        <COLUMN>16</COLUMN>
      </SFA>
      <SFA>
        <FILEPATH>C:\Users\JHPark\Desktop\김재우\git\DirectX_terrain\DirectX_terrain\</FILEPATH>
        <FILENAME>Dib.cpp</FILENAME>
        <LINE>120</LINE>
        <COLUMN>17</COLUMN>
      </SFA>
      <SFA>
        <FILEPATH>C:\Users\JHPark\Desktop\김재우\git\DirectX_terrain\DirectX_terrain\</FILEPATH>
        <FILENAME>Dib.cpp</FILENAME>
        <LINE>121</LINE>
        <COLUMN>18</COLUMN>
      </SFA>
      <SFA>
        <FILEPATH>C:\Users\JHPark\Desktop\김재우\git\DirectX_terrain\DirectX_terrain\</FILEPATH>
        <FILENAME>Dib.cpp</FILENAME>
        <LINE>122</LINE>
        <COLUMN>18</COLUMN>
      </SFA>
      <SFA>
        <FILEPATH>C:\Users\JHPark\Desktop\김재우\git\DirectX_terrain\DirectX_terrain\</FILEPATH>
        <FILENAME>Dib.cpp</FILENAME>
        <LINE>123</LINE>
        <COLUMN>20</COLUMN>
      </SFA>
      <SFA>
        <FILEPATH>C:\Users\JHPark\Desktop\김재우\git\DirectX_terrain\DirectX_terrain\</FILEPATH>
        <FILENAME>Dib.cpp</FILENAME>
        <LINE>124</LINE>
        <COLUMN>23</COLUMN>
      </SFA>
      <SFA>
        <FILEPATH>C:\Users\JHPark\Desktop\김재우\git\DirectX_terrain\DirectX_terrain\</FILEPATH>
        <FILENAME>Dib.cpp</FILENAME>
        <LINE>125</LINE>
        <COLUMN>21</COLUMN>
      </SFA>
      <SFA>
        <FILEPATH>C:\Users\JHPark\Desktop\김재우\git\DirectX_terrain\DirectX_terrain\</FILEPATH>
        <FILENAME>Dib.cpp</FILENAME>
        <LINE>126</LINE>
        <COLUMN>25</COLUMN>
      </SFA>
      <SFA>
        <FILEPATH>C:\Users\JHPark\Desktop\김재우\git\DirectX_terrain\DirectX_terrain\</FILEPATH>
        <FILENAME>Dib.cpp</FILENAME>
        <LINE>127</LINE>
        <COLUMN>25</COLUMN>
      </SFA>
      <SFA>
        <FILEPATH>C:\Users\JHPark\Desktop\김재우\git\DirectX_terrain\DirectX_terrain\</FILEPATH>
        <FILENAME>Dib.cpp</FILENAME>
        <LINE>128</LINE>
        <COLUMN>19</COLUMN>
      </SFA>
      <SFA>
        <FILEPATH>C:\Users\JHPark\Desktop\김재우\git\DirectX_terrain\DirectX_terrain\</FILEPATH>
        <FILENAME>Dib.cpp</FILENAME>
        <LINE>129</LINE>
        <COLUMN>24</COLUMN>
      </SFA>
      <SFA>
        <FILEPATH>C:\Users\JHPark\Desktop\김재우\git\DirectX_terrain\DirectX_terrain\</FILEPATH>
        <FILENAME>Dib.cpp</FILENAME>
        <LINE>131</LINE>
        <COLUMN>9</COLUMN>
      </SFA>
      <SFA>
        <FILEPATH>C:\Users\JHPark\Desktop\김재우\git\DirectX_terrain\DirectX_terrain\</FILEPATH>
        <FILENAME>Dib.cpp</FILENAME>
        <LINE>132</LINE>
        <COLUMN>6</COLUMN>
      </SFA>
      <SFA>
        <FILEPATH>C:\Users\JHPark\Desktop\김재우\git\DirectX_terrain\DirectX_terrain\</FILEPATH>
        <FILENAME>Dib.cpp</FILENAME>
        <LINE>133</LINE>
        <COLUMN>9</COLUMN>
      </SFA>
      <SFA>
        <FILEPATH>C:\Users\JHPark\Desktop\김재우\git\DirectX_terrain\DirectX_terrain\</FILEPATH>
        <FILENAME>Dib.cpp</FILENAME>
        <LINE>133</LINE>
        <COLUMN>16</COLUMN>
        <KEYEVENT>
          <ID>3</ID>
          <KIND>분기</KIND>
          <IMPORTANCE>Full</IMPORTANCE>
          <MESSAGE>이 루프 시작, ('i&lt;nPal' 가정)</MESSAGE>
        </KEYEVENT>
      </SFA>
      <SFA>
        <FILEPATH>C:\Users\JHPark\Desktop\김재우\git\DirectX_terrain\DirectX_terrain\</FILEPATH>
        <FILENAME>Dib.cpp</FILENAME>
        <LINE>135</LINE>
        <COLUMN>18</COLUMN>
      </SFA>
      <SFA>
        <FILEPATH>C:\Users\JHPark\Desktop\김재우\git\DirectX_terrain\DirectX_terrain\</FILEPATH>
        <FILENAME>Dib.cpp</FILENAME>
        <LINE>136</LINE>
        <COLUMN>19</COLUMN>
      </SFA>
      <SFA>
        <FILEPATH>C:\Users\JHPark\Desktop\김재우\git\DirectX_terrain\DirectX_terrain\</FILEPATH>
        <FILENAME>Dib.cpp</FILENAME>
        <LINE>137</LINE>
        <COLUMN>17</COLUMN>
      </SFA>
      <SFA>
        <FILEPATH>C:\Users\JHPark\Desktop\김재우\git\DirectX_terrain\DirectX_terrain\</FILEPATH>
        <FILENAME>Dib.cpp</FILENAME>
        <LINE>138</LINE>
        <COLUMN>22</COLUMN>
      </SFA>
      <SFA>
        <FILEPATH>C:\Users\JHPark\Desktop\김재우\git\DirectX_terrain\DirectX_terrain\</FILEPATH>
        <FILENAME>Dib.cpp</FILENAME>
        <LINE>139</LINE>
        <COLUMN>33</COLUMN>
        <KEYEVENT>
          <ID>4</ID>
          <KIND>사용법</KIND>
          <IMPORTANCE>Essential</IMPORTANCE>
          <MESSAGE>'lpDib'이(가) 역참조되었지만 여전히 NULL일 수 있습니다.</MESSAGE>
        </KEYEVENT>
      </SFA>
    </PATH>
  </DEFECT><DEFECT>
    <SFA>
      <FILEPATH>C:\Users\JHPark\Desktop\김재우\git\DirectX_terrain\DirectX_terrain\</FILEPATH>
      <FILENAME>Dib.cpp</FILENAME>
      <LINE>117</LINE>
      <COLUMN>7</COLUMN>
    </SFA>
    <DEFECTCODE>6387</DEFECTCODE>
    <DESCRIPTION>'lpDib'이(가) '0'일 수 있습니다.  이 경우 'memset' 함수의 사양과 일치하지 않습니다. </DESCRIPTION>
    <FUNCTION>DibCreateEmptyHandle</FUNCTION>
    <DECORATED>?DibCreateEmptyHandle@@YAPAEHHH@Z</DECORATED>
    <FUNCLINE>105</FUNCLINE>
    <PROBABILITY>1</PROBABILITY>
    <RANK>4</RANK>
    <CATEGORY>
      <RULECATEGORY>mspft</RULECATEGORY>
    </CATEGORY>
    <PATH>
      <SFA>
        <FILEPATH>C:\Users\JHPark\Desktop\김재우\git\DirectX_terrain\DirectX_terrain\</FILEPATH>
        <FILENAME>Dib.cpp</FILENAME>
        <LINE>107</LINE>
        <COLUMN>20</COLUMN>
      </SFA>
      <SFA>
        <FILEPATH>C:\Users\JHPark\Desktop\김재우\git\DirectX_terrain\DirectX_terrain\</FILEPATH>
        <FILENAME>Dib.cpp</FILENAME>
        <LINE>108</LINE>
        <COLUMN>9</COLUMN>
      </SFA>
      <SFA>
        <FILEPATH>C:\Users\JHPark\Desktop\김재우\git\DirectX_terrain\DirectX_terrain\</FILEPATH>
        <FILENAME>Dib.cpp</FILENAME>
        <LINE>109</LINE>
        <COLUMN>8</COLUMN>
      </SFA>
      <SFA>
        <FILEPATH>C:\Users\JHPark\Desktop\김재우\git\DirectX_terrain\DirectX_terrain\</FILEPATH>
        <FILENAME>Dib.cpp</FILENAME>
        <LINE>110</LINE>
        <COLUMN>6</COLUMN>
      </SFA>
      <SFA>
        <FILEPATH>C:\Users\JHPark\Desktop\김재우\git\DirectX_terrain\DirectX_terrain\</FILEPATH>
        <FILENAME>Dib.cpp</FILENAME>
        <LINE>111</LINE>
        <COLUMN>6</COLUMN>
      </SFA>
      <SFA>
        <FILEPATH>C:\Users\JHPark\Desktop\김재우\git\DirectX_terrain\DirectX_terrain\</FILEPATH>
        <FILENAME>Dib.cpp</FILENAME>
        <LINE>112</LINE>
        <COLUMN>6</COLUMN>
      </SFA>
      <SFA>
        <FILEPATH>C:\Users\JHPark\Desktop\김재우\git\DirectX_terrain\DirectX_terrain\</FILEPATH>
        <FILENAME>Dib.cpp</FILENAME>
        <LINE>113</LINE>
        <COLUMN>7</COLUMN>
      </SFA>
      <SFA>
        <FILEPATH>C:\Users\JHPark\Desktop\김재우\git\DirectX_terrain\DirectX_terrain\</FILEPATH>
        <FILENAME>Dib.cpp</FILENAME>
        <LINE>115</LINE>
        <COLUMN>6</COLUMN>
      </SFA>
      <SFA>
        <FILEPATH>C:\Users\JHPark\Desktop\김재우\git\DirectX_terrain\DirectX_terrain\</FILEPATH>
        <FILENAME>Dib.cpp</FILENAME>
        <LINE>116</LINE>
        <COLUMN>7</COLUMN>
        <KEYEVENT>
          <ID>1</ID>
          <KIND>선언</KIND>
          <IMPORTANCE>Essential</IMPORTANCE>
          <MESSAGE>'lpDib'은(는) NULL일 수 있습니다.</MESSAGE>
        </KEYEVENT>
      </SFA>
      <SFA>
        <FILEPATH>C:\Users\JHPark\Desktop\김재우\git\DirectX_terrain\DirectX_terrain\</FILEPATH>
        <FILENAME>Dib.cpp</FILENAME>
        <LINE>117</LINE>
        <COLUMN>7</COLUMN>
        <KEYEVENT>
          <ID>2</ID>
          <KIND>선언</KIND>
          <IMPORTANCE>Full</IMPORTANCE>
          <MESSAGE>'lpDib'은(는) 'memset'(c:\program files (x86)\microsoft visual studio\2019\community\vc\tools\msvc\14.21.27702\include\vcruntime_string.h:60에서 선언됨)에 대한 In/Out 인수입니다.</MESSAGE>
        </KEYEVENT>
      </SFA>
      <SFA>
        <FILEPATH>C:\Users\JHPark\Desktop\김재우\git\DirectX_terrain\DirectX_terrain\</FILEPATH>
        <FILENAME>Dib.cpp</FILENAME>
        <LINE>117</LINE>
        <COLUMN>7</COLUMN>
        <KEYEVENT>
          <ID>3</ID>
          <KIND>사용법</KIND>
          <IMPORTANCE>Essential</IMPORTANCE>
          <MESSAGE>'lpDib'은(는) NULL(이)면 안 됩니다. 이는 'memset'의 SAL 주석과 일치하지 않습니다.</MESSAGE>
        </KEYEVENT>
      </SFA>
    </PATH>
  </DEFECT><DEFECT>
    <SFA>
      <FILEPATH>C:\Users\JHPark\Desktop\김재우\git\DirectX_terrain\DirectX_terrain\</FILEPATH>
      <FILENAME>Dib.cpp</FILENAME>
      <LINE>119</LINE>
      <COLUMN>16</COLUMN>
    </SFA>
    <DEFECTCODE>6011</DEFECTCODE>
    <DESCRIPTION>NULL 포인터 'lpBMIH'을(를) 역참조하고 있습니다. 이 오류가 발생할 수 있는 이전 위치는 줄 117을(를) 참조하십시오.</DESCRIPTION>
    <FUNCTION>DibCreateEmptyHandle</FUNCTION>
    <DECORATED>?DibCreateEmptyHandle@@YAPAEHHH@Z</DECORATED>
    <FUNCLINE>105</FUNCLINE>
    <PROBABILITY>1</PROBABILITY>
    <RANK>4</RANK>
    <CATEGORY>
      <RULECATEGORY>mspft</RULECATEGORY>
    </CATEGORY>
    <PATH>
      <SFA>
        <FILEPATH>C:\Users\JHPark\Desktop\김재우\git\DirectX_terrain\DirectX_terrain\</FILEPATH>
        <FILENAME>Dib.cpp</FILENAME>
        <LINE>107</LINE>
        <COLUMN>20</COLUMN>
      </SFA>
      <SFA>
        <FILEPATH>C:\Users\JHPark\Desktop\김재우\git\DirectX_terrain\DirectX_terrain\</FILEPATH>
        <FILENAME>Dib.cpp</FILENAME>
        <LINE>108</LINE>
        <COLUMN>9</COLUMN>
      </SFA>
      <SFA>
        <FILEPATH>C:\Users\JHPark\Desktop\김재우\git\DirectX_terrain\DirectX_terrain\</FILEPATH>
        <FILENAME>Dib.cpp</FILENAME>
        <LINE>109</LINE>
        <COLUMN>8</COLUMN>
      </SFA>
      <SFA>
        <FILEPATH>C:\Users\JHPark\Desktop\김재우\git\DirectX_terrain\DirectX_terrain\</FILEPATH>
        <FILENAME>Dib.cpp</FILENAME>
        <LINE>110</LINE>
        <COLUMN>6</COLUMN>
      </SFA>
      <SFA>
        <FILEPATH>C:\Users\JHPark\Desktop\김재우\git\DirectX_terrain\DirectX_terrain\</FILEPATH>
        <FILENAME>Dib.cpp</FILENAME>
        <LINE>111</LINE>
        <COLUMN>6</COLUMN>
      </SFA>
      <SFA>
        <FILEPATH>C:\Users\JHPark\Desktop\김재우\git\DirectX_terrain\DirectX_terrain\</FILEPATH>
        <FILENAME>Dib.cpp</FILENAME>
        <LINE>112</LINE>
        <COLUMN>6</COLUMN>
      </SFA>
      <SFA>
        <FILEPATH>C:\Users\JHPark\Desktop\김재우\git\DirectX_terrain\DirectX_terrain\</FILEPATH>
        <FILENAME>Dib.cpp</FILENAME>
        <LINE>113</LINE>
        <COLUMN>7</COLUMN>
      </SFA>
      <SFA>
        <FILEPATH>C:\Users\JHPark\Desktop\김재우\git\DirectX_terrain\DirectX_terrain\</FILEPATH>
        <FILENAME>Dib.cpp</FILENAME>
        <LINE>115</LINE>
        <COLUMN>6</COLUMN>
      </SFA>
      <SFA>
        <FILEPATH>C:\Users\JHPark\Desktop\김재우\git\DirectX_terrain\DirectX_terrain\</FILEPATH>
        <FILENAME>Dib.cpp</FILENAME>
        <LINE>116</LINE>
        <COLUMN>7</COLUMN>
      </SFA>
      <SFA>
        <FILEPATH>C:\Users\JHPark\Desktop\김재우\git\DirectX_terrain\DirectX_terrain\</FILEPATH>
        <FILENAME>Dib.cpp</FILENAME>
        <LINE>117</LINE>
        <COLUMN>7</COLUMN>
      </SFA>
      <SFA>
        <FILEPATH>C:\Users\JHPark\Desktop\김재우\git\DirectX_terrain\DirectX_terrain\</FILEPATH>
        <FILENAME>Dib.cpp</FILENAME>
        <LINE>118</LINE>
        <COLUMN>8</COLUMN>
        <KEYEVENT>
          <ID>1</ID>
          <KIND>선언</KIND>
          <IMPORTANCE>Essential</IMPORTANCE>
          <MESSAGE>'lpBMIH'은(는) NULL일 수 있습니다.</MESSAGE>
        </KEYEVENT>
      </SFA>
      <SFA>
        <FILEPATH>C:\Users\JHPark\Desktop\김재우\git\DirectX_terrain\DirectX_terrain\</FILEPATH>
        <FILENAME>Dib.cpp</FILENAME>
        <LINE>119</LINE>
        <COLUMN>16</COLUMN>
        <KEYEVENT>
          <ID>2</ID>
          <KIND>사용법</KIND>
          <IMPORTANCE>Essential</IMPORTANCE>
          <MESSAGE>'lpBMIH'이(가) 역참조되었지만 여전히 NULL일 수 있습니다.</MESSAGE>
        </KEYEVENT>
      </SFA>
    </PATH>
  </DEFECT><DEFECT>
    <SFA>
      <FILEPATH>C:\Users\JHPark\Desktop\김재우\git\DirectX_terrain\DirectX_terrain\</FILEPATH>
      <FILENAME>Dib.cpp</FILENAME>
      <LINE>183</LINE>
      <COLUMN>7</COLUMN>
    </SFA>
    <DEFECTCODE>28183</DEFECTCODE>
    <DESCRIPTION>'hDib'이(가) '0'일 수 있으며 'GlobalAlloc()`182'에 있는 값의 복사본입니다.  이 경우 'GlobalLock' 함수의 사양과 일치하지 않습니다. </DESCRIPTION>
    <FUNCTION>DibDuplicateHandle</FUNCTION>
    <DECORATED>?DibDuplicateHandle@@YAPAEPAE@Z</DECORATED>
    <FUNCLINE>173</FUNCLINE>
    <PATH>
      <SFA>
        <FILEPATH>c:\users\jhpark\desktop\김재우\git\directx_terrain\directx_terrain\</FILEPATH>
        <FILENAME>dib.cpp</FILENAME>
        <LINE>175</LINE>
        <COLUMN>6</COLUMN>
      </SFA>
      <SFA>
        <FILEPATH>c:\users\jhpark\desktop\김재우\git\directx_terrain\directx_terrain\</FILEPATH>
        <FILENAME>dib.cpp</FILENAME>
        <LINE>178</LINE>
        <COLUMN>9</COLUMN>
      </SFA>
      <SFA>
        <FILEPATH>c:\users\jhpark\desktop\김재우\git\directx_terrain\directx_terrain\</FILEPATH>
        <FILENAME>dib.cpp</FILENAME>
        <LINE>179</LINE>
        <COLUMN>8</COLUMN>
      </SFA>
      <SFA>
        <FILEPATH>c:\users\jhpark\desktop\김재우\git\directx_terrain\directx_terrain\</FILEPATH>
        <FILENAME>dib.cpp</FILENAME>
        <LINE>180</LINE>
        <COLUMN>7</COLUMN>
      </SFA>
      <SFA>
        <FILEPATH>c:\users\jhpark\desktop\김재우\git\directx_terrain\directx_terrain\</FILEPATH>
        <FILENAME>dib.cpp</FILENAME>
        <LINE>182</LINE>
        <COLUMN>6</COLUMN>
      </SFA>
      <SFA>
        <FILEPATH>c:\users\jhpark\desktop\김재우\git\directx_terrain\directx_terrain\</FILEPATH>
        <FILENAME>dib.cpp</FILENAME>
        <LINE>183</LINE>
        <COLUMN>7</COLUMN>
      </SFA>
    </PATH>
  </DEFECT><DEFECT>
    <SFA>
      <FILEPATH>C:\Users\JHPark\Desktop\김재우\git\DirectX_terrain\DirectX_terrain\</FILEPATH>
      <FILENAME>Dib.cpp</FILENAME>
      <LINE>713</LINE>
      <COLUMN>5</COLUMN>
    </SFA>
    <DEFECTCODE>28183</DEFECTCODE>
    <DESCRIPTION>'hMem'이(가) '0'일 수 있으며 'GlobalAlloc()`712'에 있는 값의 복사본입니다.  이 경우 'GlobalLock' 함수의 사양과 일치하지 않습니다. </DESCRIPTION>
    <FUNCTION>DibCreateRegion</FUNCTION>
    <DECORATED>?DibCreateRegion@@YAPAUHRGN__@@PAEE@Z</DECORATED>
    <FUNCLINE>695</FUNCLINE>
    <PATH>
      <SFA>
        <FILEPATH>c:\users\jhpark\desktop\김재우\git\directx_terrain\directx_terrain\</FILEPATH>
        <FILENAME>dib.cpp</FILENAME>
        <LINE>697</LINE>
        <COLUMN>10</COLUMN>
      </SFA>
      <SFA>
        <FILEPATH>c:\users\jhpark\desktop\김재우\git\directx_terrain\directx_terrain\</FILEPATH>
        <FILENAME>dib.cpp</FILENAME>
        <LINE>698</LINE>
        <COLUMN>8</COLUMN>
      </SFA>
      <SFA>
        <FILEPATH>c:\users\jhpark\desktop\김재우\git\directx_terrain\directx_terrain\</FILEPATH>
        <FILENAME>dib.cpp</FILENAME>
        <LINE>698</LINE>
        <COLUMN>11</COLUMN>
      </SFA>
      <SFA>
        <FILEPATH>c:\users\jhpark\desktop\김재우\git\directx_terrain\directx_terrain\</FILEPATH>
        <FILENAME>dib.cpp</FILENAME>
        <LINE>698</LINE>
        <COLUMN>14</COLUMN>
      </SFA>
      <SFA>
        <FILEPATH>c:\users\jhpark\desktop\김재우\git\directx_terrain\directx_terrain\</FILEPATH>
        <FILENAME>dib.cpp</FILENAME>
        <LINE>698</LINE>
        <COLUMN>18</COLUMN>
      </SFA>
      <SFA>
        <FILEPATH>c:\users\jhpark\desktop\김재우\git\directx_terrain\directx_terrain\</FILEPATH>
        <FILENAME>dib.cpp</FILENAME>
        <LINE>699</LINE>
        <COLUMN>9</COLUMN>
      </SFA>
      <SFA>
        <FILEPATH>c:\users\jhpark\desktop\김재우\git\directx_terrain\directx_terrain\</FILEPATH>
        <FILENAME>dib.cpp</FILENAME>
        <LINE>700</LINE>
        <COLUMN>8</COLUMN>
      </SFA>
      <SFA>
        <FILEPATH>c:\users\jhpark\desktop\김재우\git\directx_terrain\directx_terrain\</FILEPATH>
        <FILENAME>dib.cpp</FILENAME>
        <LINE>701</LINE>
        <COLUMN>12</COLUMN>
      </SFA>
      <SFA>
        <FILEPATH>c:\users\jhpark\desktop\김재우\git\directx_terrain\directx_terrain\</FILEPATH>
        <FILENAME>dib.cpp</FILENAME>
        <LINE>702</LINE>
        <COLUMN>11</COLUMN>
      </SFA>
      <SFA>
        <FILEPATH>c:\users\jhpark\desktop\김재우\git\directx_terrain\directx_terrain\</FILEPATH>
        <FILENAME>dib.cpp</FILENAME>
        <LINE>703</LINE>
        <COLUMN>8</COLUMN>
      </SFA>
      <SFA>
        <FILEPATH>c:\users\jhpark\desktop\김재우\git\directx_terrain\directx_terrain\</FILEPATH>
        <FILENAME>dib.cpp</FILENAME>
        <LINE>705</LINE>
        <COLUMN>13</COLUMN>
      </SFA>
      <SFA>
        <FILEPATH>c:\users\jhpark\desktop\김재우\git\directx_terrain\directx_terrain\</FILEPATH>
        <FILENAME>dib.cpp</FILENAME>
        <LINE>708</LINE>
        <COLUMN>4</COLUMN>
      </SFA>
      <SFA>
        <FILEPATH>c:\users\jhpark\desktop\김재우\git\directx_terrain\directx_terrain\</FILEPATH>
        <FILENAME>dib.cpp</FILENAME>
        <LINE>709</LINE>
        <COLUMN>4</COLUMN>
      </SFA>
      <SFA>
        <FILEPATH>c:\users\jhpark\desktop\김재우\git\directx_terrain\directx_terrain\</FILEPATH>
        <FILENAME>dib.cpp</FILENAME>
        <LINE>710</LINE>
        <COLUMN>11</COLUMN>
      </SFA>
      <SFA>
        <FILEPATH>c:\users\jhpark\desktop\김재우\git\directx_terrain\directx_terrain\</FILEPATH>
        <FILENAME>dib.cpp</FILENAME>
        <LINE>712</LINE>
        <COLUMN>6</COLUMN>
      </SFA>
      <SFA>
        <FILEPATH>c:\users\jhpark\desktop\김재우\git\directx_terrain\directx_terrain\</FILEPATH>
        <FILENAME>dib.cpp</FILENAME>
        <LINE>713</LINE>
        <COLUMN>5</COLUMN>
      </SFA>
    </PATH>
  </DEFECT><DEFECT>
    <SFA>
      <FILEPATH>C:\Users\JHPark\Desktop\김재우\git\DirectX_terrain\DirectX_terrain\</FILEPATH>
      <FILENAME>Engine.cpp</FILENAME>
      <LINE>4</LINE>
      <COLUMN>8</COLUMN>
    </SFA>
    <DEFECTCODE>26495</DEFECTCODE>
    <DESCRIPTION>Variable 'Engine::g_hwnd' is uninitialized. Always initialize a member variable (type.6).</DESCRIPTION>
    <FUNCTION>Engine::{ctor}</FUNCTION>
    <DECORATED>??0Engine@@QAE@XZ</DECORATED>
    <FUNCLINE>4</FUNCLINE>
    <ADDITIONALINFO>
      <targetSymbol>Engine::g_hwnd</targetSymbol>
    </ADDITIONALINFO>
    <PATH></PATH>
  </DEFECT><DEFECT>
    <SFA>
      <FILEPATH>C:\Users\JHPark\Desktop\김재우\git\DirectX_terrain\DirectX_terrain\</FILEPATH>
      <FILENAME>Engine.cpp</FILENAME>
      <LINE>86</LINE>
      <COLUMN>39</COLUMN>
    </SFA>
    <DEFECTCODE>28159</DEFECTCODE>
    <DESCRIPTION>'GetTickCount64'을(를) 'GetTickCount' 대신 사용하십시오. 이유: GetTickCount overflows roughly every 49 days.  Code that does not take that into account can loop indefinitely.  GetTickCount64 operates on 64 bit values and does not have that problem</DESCRIPTION>
    <FUNCTION>Engine::InitLight</FUNCTION>
    <DECORATED>?InitLight@Engine@@QAEJXZ</DECORATED>
    <FUNCLINE>76</FUNCLINE>
    <PATH></PATH>
  </DEFECT><DEFECT>
    <SFA>
      <FILEPATH>C:\Users\JHPark\Desktop\김재우\git\DirectX_terrain\DirectX_terrain\</FILEPATH>
      <FILENAME>Engine.cpp</FILENAME>
      <LINE>88</LINE>
      <COLUMN>19</COLUMN>
    </SFA>
    <DEFECTCODE>28159</DEFECTCODE>
    <DESCRIPTION>'GetTickCount64'을(를) 'GetTickCount' 대신 사용하십시오. 이유: GetTickCount overflows roughly every 49 days.  Code that does not take that into account can loop indefinitely.  GetTickCount64 operates on 64 bit values and does not have that problem</DESCRIPTION>
    <FUNCTION>Engine::InitLight</FUNCTION>
    <DECORATED>?InitLight@Engine@@QAEJXZ</DECORATED>
    <FUNCLINE>76</FUNCLINE>
    <PATH></PATH>
  </DEFECT><DEFECT>
    <SFA>
      <FILEPATH>C:\Users\JHPark\Desktop\김재우\git\DirectX_terrain\DirectX_terrain\</FILEPATH>
      <FILENAME>main.cpp</FILENAME>
      <LINE>66</LINE>
      <COLUMN>11</COLUMN>
    </SFA>
    <DEFECTCODE>28251</DEFECTCODE>
    <DESCRIPTION>'WinMain'에 대한 주석이 일치하지 않습니다. 이 인스턴스에는 주석 없음이(가) 있습니다. c:\program files (x86)\windows kits\10\include\10.0.17763.0\um\winbase.h(913)을(를) 참조하십시오. </DESCRIPTION>
    <FUNCTION>WinMain</FUNCTION>
    <DECORATED>WinMain@16</DECORATED>
    <FUNCLINE>66</FUNCLINE>
    <PATH></PATH>
  </DEFECT><DEFECT>
    <SFA>
      <FILEPATH>C:\Users\JHPark\Desktop\김재우\git\DirectX_terrain\DirectX_terrain\</FILEPATH>
      <FILENAME>main.cpp</FILENAME>
      <LINE>84</LINE>
      <COLUMN>1</COLUMN>
    </SFA>
    <DEFECTCODE>6031</DEFECTCODE>
    <DESCRIPTION>반환 값이 무시되었습니다. 'freopen'.</DESCRIPTION>
    <FUNCTION>WinMain</FUNCTION>
    <DECORATED>WinMain@16</DECORATED>
    <FUNCLINE>66</FUNCLINE>
    <PATH></PATH>
  </DEFECT><DEFECT>
    <SFA>
      <FILEPATH>C:\Users\JHPark\Desktop\김재우\git\DirectX_terrain\DirectX_terrain\</FILEPATH>
      <FILENAME>QuadTree.cpp</FILENAME>
      <LINE>5</LINE>
      <COLUMN>10</COLUMN>
    </SFA>
    <DEFECTCODE>26495</DEFECTCODE>
    <DESCRIPTION>Variable 'QuadTree::m_pNeighbor' is uninitialized. Always initialize a member variable (type.6).</DESCRIPTION>
    <FUNCTION>QuadTree::{ctor}</FUNCTION>
    <DECORATED>??0QuadTree@@QAE@HH@Z</DECORATED>
    <FUNCLINE>5</FUNCLINE>
    <ADDITIONALINFO>
      <targetSymbol>QuadTree::m_pNeighbor</targetSymbol>
    </ADDITIONALINFO>
    <PATH></PATH>
  </DEFECT><DEFECT>
    <SFA>
      <FILEPATH>C:\Users\JHPark\Desktop\김재우\git\DirectX_terrain\DirectX_terrain\</FILEPATH>
      <FILENAME>QuadTree.cpp</FILENAME>
      <LINE>153</LINE>
      <COLUMN>6</COLUMN>
    </SFA>
    <DEFECTCODE>6001</DEFECTCODE>
    <DESCRIPTION>초기화되지 않은 메모리 'b'을(를) 사용하고 있습니다.</DESCRIPTION>
    <FUNCTION>QuadTree::_GenTriIndex</FUNCTION>
    <DECORATED>?_GenTriIndex@QuadTree@@AAEHHPAXPAUTERRAIN_VTX@@PAVFrustum@@M@Z</DECORATED>
    <FUNCLINE>107</FUNCLINE>
    <PROBABILITY>1</PROBABILITY>
    <RANK>3</RANK>
    <CATEGORY>
      <RULECATEGORY>mspft</RULECATEGORY>
    </CATEGORY>
    <PATH>
      <SFA>
        <FILEPATH>C:\Users\JHPark\Desktop\김재우\git\DirectX_terrain\DirectX_terrain\</FILEPATH>
        <FILENAME>QuadTree.cpp</FILENAME>
        <LINE>110</LINE>
        <COLUMN>19</COLUMN>
      </SFA>
      <SFA>
        <FILEPATH>C:\Users\JHPark\Desktop\김재우\git\DirectX_terrain\DirectX_terrain\</FILEPATH>
        <FILENAME>QuadTree.cpp</FILENAME>
        <LINE>112</LINE>
        <COLUMN>5</COLUMN>
      </SFA>
      <SFA>
        <FILEPATH>C:\Users\JHPark\Desktop\김재우\git\DirectX_terrain\DirectX_terrain\</FILEPATH>
        <FILENAME>QuadTree.cpp</FILENAME>
        <LINE>121</LINE>
        <COLUMN>15</COLUMN>
      </SFA>
      <SFA>
        <FILEPATH>C:\Users\JHPark\Desktop\김재우\git\DirectX_terrain\DirectX_terrain\</FILEPATH>
        <FILENAME>QuadTree.cpp</FILENAME>
        <LINE>123</LINE>
        <COLUMN>16</COLUMN>
      </SFA>
      <SFA>
        <FILEPATH>C:\Users\JHPark\Desktop\김재우\git\DirectX_terrain\DirectX_terrain\</FILEPATH>
        <FILENAME>QuadTree.cpp</FILENAME>
        <LINE>126</LINE>
        <COLUMN>50</COLUMN>
      </SFA>
      <SFA>
        <FILEPATH>C:\Users\JHPark\Desktop\김재우\git\DirectX_terrain\DirectX_terrain\</FILEPATH>
        <FILENAME>QuadTree.cpp</FILENAME>
        <LINE>141</LINE>
        <COLUMN>7</COLUMN>
        <KEYEVENT>
          <ID>1</ID>
          <KIND>선언</KIND>
          <IMPORTANCE>Essential</IMPORTANCE>
          <MESSAGE>'b'이(가) 초기화되지 않았습니다.</MESSAGE>
        </KEYEVENT>
      </SFA>
      <SFA>
        <FILEPATH>C:\Users\JHPark\Desktop\김재우\git\DirectX_terrain\DirectX_terrain\</FILEPATH>
        <FILENAME>QuadTree.cpp</FILENAME>
        <LINE>143</LINE>
        <COLUMN>25</COLUMN>
        <KEYEVENT>
          <ID>2</ID>
          <KIND>분기</KIND>
          <IMPORTANCE>Full</IMPORTANCE>
          <MESSAGE>이 분기 건너뛰기, ('this-&gt;m_pNeighbor[EDGE_UP]'이(가) false라고 가정)</MESSAGE>
        </KEYEVENT>
      </SFA>
      <SFA>
        <FILEPATH>C:\Users\JHPark\Desktop\김재우\git\DirectX_terrain\DirectX_terrain\</FILEPATH>
        <FILENAME>QuadTree.cpp</FILENAME>
        <LINE>145</LINE>
        <COLUMN>25</COLUMN>
        <KEYEVENT>
          <ID>3</ID>
          <KIND>분기</KIND>
          <IMPORTANCE>Full</IMPORTANCE>
          <MESSAGE>이 분기 건너뛰기, ('this-&gt;m_pNeighbor[EDGE_DN]'이(가) false라고 가정)</MESSAGE>
        </KEYEVENT>
      </SFA>
      <SFA>
        <FILEPATH>C:\Users\JHPark\Desktop\김재우\git\DirectX_terrain\DirectX_terrain\</FILEPATH>
        <FILENAME>QuadTree.cpp</FILENAME>
        <LINE>147</LINE>
        <COLUMN>25</COLUMN>
        <KEYEVENT>
          <ID>4</ID>
          <KIND>분기</KIND>
          <IMPORTANCE>Full</IMPORTANCE>
          <MESSAGE>이 분기 건너뛰기, ('this-&gt;m_pNeighbor[EDGE_LT]'이(가) false라고 가정)</MESSAGE>
        </KEYEVENT>
      </SFA>
      <SFA>
        <FILEPATH>C:\Users\JHPark\Desktop\김재우\git\DirectX_terrain\DirectX_terrain\</FILEPATH>
        <FILENAME>QuadTree.cpp</FILENAME>
        <LINE>149</LINE>
        <COLUMN>25</COLUMN>
        <KEYEVENT>
          <ID>5</ID>
          <KIND>분기</KIND>
          <IMPORTANCE>Full</IMPORTANCE>
          <MESSAGE>이 분기 건너뛰기, ('this-&gt;m_pNeighbor[EDGE_RT]'이(가) false라고 가정)</MESSAGE>
        </KEYEVENT>
      </SFA>
      <SFA>
        <FILEPATH>C:\Users\JHPark\Desktop\김재우\git\DirectX_terrain\DirectX_terrain\</FILEPATH>
        <FILENAME>QuadTree.cpp</FILENAME>
        <LINE>153</LINE>
        <COLUMN>45</COLUMN>
      </SFA>
      <SFA>
        <FILEPATH>C:\Users\JHPark\Desktop\김재우\git\DirectX_terrain\DirectX_terrain\</FILEPATH>
        <FILENAME>QuadTree.cpp</FILENAME>
        <LINE>153</LINE>
        <COLUMN>6</COLUMN>
        <KEYEVENT>
          <ID>6</ID>
          <KIND>사용법</KIND>
          <IMPORTANCE>Essential</IMPORTANCE>
          <MESSAGE>'b'이(가) 사용되는데 초기화되지 않았을 수 있습니다.</MESSAGE>
        </KEYEVENT>
      </SFA>
    </PATH>
  </DEFECT><DEFECT>
    <SFA>
      <FILEPATH>C:\Users\JHPark\Desktop\김재우\git\DirectX_terrain\DirectX_terrain\</FILEPATH>
      <FILENAME>Ray.cpp</FILENAME>
      <LINE>4</LINE>
      <COLUMN>5</COLUMN>
    </SFA>
    <DEFECTCODE>26495</DEFECTCODE>
    <DESCRIPTION>Variable 'Ray::g_pd3dDevice' is uninitialized. Always initialize a member variable (type.6).</DESCRIPTION>
    <FUNCTION>Ray::{ctor}</FUNCTION>
    <DECORATED>??0Ray@@QAE@XZ</DECORATED>
    <FUNCLINE>4</FUNCLINE>
    <ADDITIONALINFO>
      <targetSymbol>Ray::g_pd3dDevice</targetSymbol>
    </ADDITIONALINFO>
    <PATH></PATH>
  </DEFECT><DEFECT>
    <SFA>
      <FILEPATH>C:\Users\JHPark\Desktop\김재우\git\DirectX_terrain\DirectX_terrain\</FILEPATH>
      <FILENAME>Terrain.cpp</FILENAME>
      <LINE>4</LINE>
      <COLUMN>9</COLUMN>
    </SFA>
    <DEFECTCODE>26495</DEFECTCODE>
    <DESCRIPTION>Variable 'Terrain::m_y' is uninitialized. Always initialize a member variable (type.6).</DESCRIPTION>
    <FUNCTION>Terrain::{ctor}</FUNCTION>
    <DECORATED>??0Terrain@@QAE@XZ</DECORATED>
    <FUNCLINE>4</FUNCLINE>
    <ADDITIONALINFO>
      <targetSymbol>Terrain::m_y</targetSymbol>
    </ADDITIONALINFO>
    <PATH></PATH>
  </DEFECT><DEFECT>
    <SFA>
      <FILEPATH>C:\Users\JHPark\Desktop\김재우\git\DirectX_terrain\DirectX_terrain\</FILEPATH>
      <FILENAME>ObjTriangle.cpp</FILENAME>
      <LINE>4</LINE>
      <COLUMN>13</COLUMN>
    </SFA>
    <DEFECTCODE>26495</DEFECTCODE>
    <DESCRIPTION>Variable 'ObjTriangle::m_pIB' is uninitialized. Always initialize a member variable (type.6).</DESCRIPTION>
    <FUNCTION>ObjTriangle::{ctor}</FUNCTION>
    <DECORATED>??0ObjTriangle@@QAE@PAUIDirect3DDevice9@@@Z</DECORATED>
    <FUNCLINE>4</FUNCLINE>
    <ADDITIONALINFO>
      <targetSymbol>ObjTriangle::m_pIB</targetSymbol>
    </ADDITIONALINFO>
    <PATH></PATH>
  </DEFECT><DEFECT>
    <SFA>
      <FILEPATH>C:\Users\JHPark\Desktop\김재우\git\DirectX_terrain\DirectX_terrain\</FILEPATH>
      <FILENAME>ObjGraphic.h</FILENAME>
      <LINE>26</LINE>
      <COLUMN>0</COLUMN>
    </SFA>
    <DEFECTCODE>26495</DEFECTCODE>
    <DESCRIPTION>Variable 'ObjGraphic::_fvf' is uninitialized. Always initialize a member variable (type.6).</DESCRIPTION>
    <FUNCTION>ObjGraphic::{ctor}</FUNCTION>
    <DECORATED>??0ObjGraphic@@QAE@XZ</DECORATED>
    <FUNCLINE>26</FUNCLINE>
    <ADDITIONALINFO>
      <targetSymbol>ObjGraphic::_fvf</targetSymbol>
    </ADDITIONALINFO>
    <PATH></PATH>
  </DEFECT></DEFECTS>